-929.504,924.295,1800.897,-907.691,1015.865,1846.567,-929.801,1121.606,1871.338,-998.551,1208.730,1879.695,-1111.148,1245.542,1858.689,-1202.641,1250.214,1825.388,-865.672,1067.493,1637.445,-887.693,1177.157,1685.654,-953.011,1261.817,1687.008,-1060.230,1299.217,1654.274,-864.293,1127.188,1453.092,-862.648,1181.967,1467.417,-888.226,1251.626,1471.160,-922.663,1289.428,1472.122,-994.323,1319.461,1466.106,-1048.420,1314.820,1456.891,-897.931,1123.589,1287.756,-885.540,1179.638,1290.260,-910.415,1251.517,1296.336,-948.043,1288.831,1298.502,-1005.032,1312.200,1304.977,-1062.921,1310.903,1303.075,-958.504,1106.940,1145.626,-943.250,1160.911,1131.555,-954.957,1222.232,1130.531,-986.453,1263.702,1135.565,-1051.338,1298.778,1156.835,-1112.461,1290.901,1168.609,-1074.113,1063.596,1004.250,-1055.730,1107.313,972.550,-1061.233,1169.476,961.785,-1097.284,1230.030,974.512,-1142.365,1252.901,988.040,-1214.604,1018.752,902.492,-1197.179,1052.307,865.407,-1200.508,1101.094,846.035,-1230.211,1147.075,842.874,-1258.410,1183.687,863.010,-1352.691,996.972,808.359,-1352.019,1037.238,786.988,-1362.394,1099.919,786.170,-1384.538,1139.953,812.736,-1558.552,1001.276,762.709,-1560.479,1039.686,757.799,-1568.393,1074.976,774.519,-1717.888,998.486,899.308,-1727.229,1032.418,878.704,-1713.674,1066.078,865.146
-929.032,924.072,1801.317,-907.240,1015.719,1847.133,-929.362,1121.502,1871.886,-998.191,1208.611,1880.088,-1110.697,1245.485,1858.864,-1202.098,1250.349,1825.529,-864.792,1067.328,1638.303,-887.008,1177.115,1686.532,-952.358,1261.777,1687.629,-1059.354,1299.072,1654.425,-862.567,1127.116,1454.307,-860.983,1181.865,1468.692,-886.602,1251.562,1472.125,-921.043,1289.304,1472.912,-992.589,1319.440,1466.335,-1046.573,1314.815,1456.828,-895.149,1123.112,1289.184,-883.081,1179.174,1291.648,-907.660,1251.176,1297.140,-945.261,1288.501,1298.979,-1002.299,1311.962,1305.023,-1060.108,1310.815,1302.633,-954.807,1106.194,1147.088,-939.311,1160.072,1132.848,-950.904,1221.416,1131.468,-982.423,1262.939,1136.137,-1047.471,1298.276,1156.548,-1108.627,1290.563,1167.897,-1068.503,1062.844,1005.113,-1049.298,1106.355,973.782,-1054.537,1168.579,962.608,-1090.615,1229.231,974.630,-1135.864,1252.299,987.396,-1207.236,1018.390,901.411,-1187.753,1052.104,864.299,-1190.415,1100.882,844.817,-1219.661,1147.071,840.883,-1248.537,1183.611,860.450,-1341.769,998.272,802.140,-1339.529,1038.585,780.911,-1349.427,1101.397,779.771,-1371.719,1141.712,805.778,-1544.239,1007.178,748.291,-1546.165,1045.588,743.380,-1554.856,1080.809,759.860,-1708.476,1003.381,878.930,-1717.214,1037.309,858.056,-1703.329,1071.058,845.065
-928.502,923.887,1801.861,-906.801,1015.614,1847.692,-928.986,1121.418,1872.383,-997.795,1208.544,1880.513,-1110.268,1245.341,1859.062,-1201.420,1250.405,1825.711,-863.965,1067.142,1639.185,-886.294,1176.991,1687.394,-951.591,1261.669,1688.170,-1058.437,1298.908,1654.633,-860.860,1126.929,1455.487,-859.351,1181.756,1469.835,-885.013,1251.349,1473.099,-919.399,1289.199,1473.591,-990.885,1319.337,1466.639,-1044.767,1314.784,1456.740,-892.495,1122.687,1290.498,-880.473,1178.733,1292.816,-905.039,1250.706,1297.888,-942.547,1288.119,1299.418,-999.542,1311.746,1304.977,-1057.345,1310.609,1302.257,-951.108,1105.316,1148.490,-935.432,1159.197,1134.129,-946.855,1220.551,1132.519,-978.430,1262.165,1136.622,-1043.719,1297.594,1156.271,-1104.890,1290.022,1167.029,-1062.783,1061.944,1006.090,-1042.957,1105.486,975.009,-1047.930,1167.601,963.441,-1084.645,1228.266,974.709,-1130.744,1250.507,986.221,-1197.486,1017.775,899.428,-1178.213,1051.810,863.112,-1180.166,1100.633,843.641,-1208.985,1147.141,839.046,-1237.946,1183.880,857.857,-1330.657,999.609,795.860,-1326.986,1040.011,774.943,-1336.107,1103.013,773.730,-1359.038,1143.251,798.668,-1535.737,1014.076,733.688,-1534.858,1052.334,728.442,-1542.024,1088.217,744.211,-1706.298,1022.288,855.667,-1711.706,1056.509,834.154,-1694.985,1089.148,821.679
-927.996,923.719,1802.371,-906.268,1015.464,1848.272,-928.601,1121.295,1872.984,-997.263,1208.405,1880.869,-1109.717,1245.215,1859.199,-1200.815,1250.371,1825.809,-862.978,1066.901,1640.069,-885.571,1176.869,1688.233,-950.855,1261.567,1688.765,-1057.432,1298.663,1654.764,-859.195,1126.720,1456.615,-857.750,1181.584,1470.956,-883.424,1251.185,1473.995,-917.770,1288.951,1474.246,-989.125,1319.158,1466.876,-1042.934,1314.665,1456.673,-889.898,1122.122,1291.667,-877.756,1178.225,1293.873,-902.334,1250.223,1298.678,-939.894,1287.582,1299.734,-996.910,1311.367,1304.910,-1054.825,1310.144,1301.766,-947.398,1104.478,1149.858,-930.949,1158.285,1135.331,-943.016,1219.532,1133.505,-974.465,1261.277,1137.174,-1039.960,1296.877,1155.940,-1101.297,1289.374,1166.203,-1057.201,1061.000,1007.027,-1036.516,1104.380,976.154,-1041.227,1166.562,964.255,-1078.062,1227.283,974.770,-1124.236,1250.001,985.379,-1189.137,1017.305,897.895,-1168.820,1051.420,861.940,-1169.950,1100.349,842.525,-1198.131,1147.146,837.237,-1228.243,1183.608,855.307,-1319.493,1001.008,789.710,-1314.179,1041.514,768.998,-1322.860,1104.672,767.703,-1345.883,1144.999,792.035,-1520.774,1020.065,719.200,-1518.170,1058.210,713.509,-1524.819,1094.567,728.396,-1697.255,1036.435,831.573,-1700.194,1070.504,809.351,-1681.600,1102.309,797.382
-927.518,923.570,1802.859,-905.736,1015.303,1848.828,-928.135,1121.139,1873.424,-996.767,1208.280,1881.246,-1109.087,1245.030,1859.386,-1200.187,1250.234,1825.914,-862.083,1066.714,1640.918,-884.692,1176.662,1689.009,-950.008,1261.397,1689.335,-1056.513,1298.432,1654.919,-857.485,1126.484,1457.712,-856.231,1181.291,1472.055,-881.920,1250.930,1474.912,-916.251,1288.639,1474.912,-987.535,1318.891,1467.047,-1041.095,1314.465,1456.549,-887.373,1121.480,1292.891,-875.291,1177.558,1294.911,-899.684,1249.705,1299.333,-937.288,1287.047,1300.135,-994.303,1310.844,1304.832,-1052.190,1309.681,1301.279,-943.838,1103.477,1151.235,-927.132,1157.213,1136.588,-939.060,1218.475,1134.414,-970.510,1260.359,1137.657,-1036.221,1296.052,1155.680,-1097.575,1288.734,1165.418,-1051.602,1059.947,1007.873,-1030.255,1103.314,977.413,-1034.412,1165.453,965.167,-1071.332,1226.466,974.917,-1117.427,1249.379,984.802,-1181.950,1017.512,896.001,-1158.540,1051.009,860.812,-1159.803,1100.045,841.451,-1187.321,1147.034,835.522,-1217.810,1183.732,852.831,-1308.401,1002.426,783.434,-1301.544,1042.949,763.241,-1309.312,1106.327,761.951,-1332.633,1146.815,785.686,-1507.765,1027.523,704.479,-1502.934,1065.355,699.155,-1508.429,1101.963,713.895,-1688.499,1052.519,808.087,-1688.593,1086.768,785.947,-1667.830,1117.618,775.095
-927.008,923.435,1803.347,-905.148,1015.178,1849.403,-927.634,1120.989,1873.930,-996.200,1208.181,1881.539,-1108.386,1244.916,1859.560,-1199.484,1250.122,1826.057,-861.107,1066.475,1641.734,-883.894,1176.441,1689.838,-949.181,1261.157,1689.836,-1055.589,1298.111,1655.075,-855.839,1126.152,1458.810,-854.701,1180.941,1473.062,-880.344,1250.515,1475.683,-914.652,1288.289,1475.444,-985.876,1318.612,1467.303,-1039.319,1314.184,1456.458,-884.992,1120.808,1293.961,-872.391,1176.872,1295.817,-897.200,1248.998,1299.991,-934.817,1286.378,1300.421,-991.801,1310.232,1304.705,-1049.586,1309.208,1300.859,-940.327,1102.366,1152.623,-923.364,1156.078,1137.828,-935.185,1217.342,1135.396,-966.623,1259.316,1138.215,-1032.536,1295.147,1155.460,-1093.990,1287.952,1164.574,-1046.157,1058.798,1008.609,-1023.995,1102.075,978.625,-1027.814,1164.246,966.095,-1064.655,1225.434,975.113,-1110.933,1248.581,984.212,-1173.010,1016.495,894.440,-1149.143,1050.648,859.630,-1149.705,1099.702,840.415,-1176.518,1146.981,833.965,-1207.385,1183.729,850.494,-1297.188,1003.914,777.302,-1288.752,1044.510,757.608,-1295.677,1108.059,756.395,-1319.138,1148.828,779.544,-1491.922,1034.689,689.639,-1486.104,1072.581,684.543,-1491.585,1109.293,699.026,-1676.827,1063.353,784.676,-1675.204,1097.578,762.560,-1653.351,1128.005,752.699
-926.533,923.257,1803.836,-904.594,1014.954,1849.935,-927.097,1120.755,1874.429,-995.683,1208.032,1881.883,-1107.747,1244.753,1859.709,-1198.745,1250.047,1826.194,-860.152,1066.099,1642.551,-883.063,1176.176,1690.532,-948.303,1260.920,1690.320,-1054.568,1297.809,1655.199,-854.250,1125.704,1459.803,-853.177,1180.498,1474.052,-878.797,1250.152,1476.424,-913.082,1287.819,1475.984,-984.248,1318.124,1467.445,-1037.548,1313.825,1456.317,-881.618,1120.013,1294.968,-870.081,1176.081,1296.812,-894.724,1248.227,1300.629,-932.234,1285.599,1300.703,-989.244,1309.583,1304.619,-1047.050,1308.612,1300.379,-936.882,1101.139,1153.962,-919.616,1154.833,1139.061,-931.400,1216.119,1136.320,-962.667,1258.240,1138.724,-1028.881,1294.172,1155.202,-1090.396,1287.072,1163.770,-1040.838,1057.629,1009.496,-1017.804,1100.819,979.899,-1021.226,1162.971,967.028,-1057.875,1224.470,975.379,-1104.281,1247.551,983.792,-1166.259,1016.697,892.197,-1140.010,1050.079,858.516,-1139.253,1099.338,839.569,-1165.672,1146.927,832.442,-1196.837,1183.855,848.246,-1286.050,1005.526,771.333,-1276.119,1046.128,752.109,-1281.965,1109.829,750.996,-1305.453,1150.879,773.564,-1477.007,1042.481,675.156,-1468.653,1079.899,670.460,-1472.717,1116.900,684.672,-1664.874,1082.333,759.747,-1659.968,1116.363,737.814,-1635.813,1145.407,729.241
-926.006,923.054,1804.288,-904.041,1014.723,1850.401,-926.454,1120.531,1874.822,-995.072,1207.865,1882.218,-1107.045,1244.590,1859.785,-1197.936,1250.046,1826.326,-859.165,1065.762,1643.257,-882.211,1175.884,1691.254,-947.407,1260.663,1690.760,-1053.570,1297.430,1655.312,-852.694,1125.187,1460.788,-851.618,1180.021,1475.013,-877.218,1249.587,1477.121,-911.521,1287.339,1476.455,-982.556,1317.659,1467.555,-1035.861,1313.271,1456.210,-879.583,1119.080,1296.167,-867.945,1175.142,1297.927,-892.289,1247.341,1301.198,-929.836,1284.705,1300.981,-986.770,1308.826,1304.460,-1044.557,1307.839,1299.965,-933.551,1099.834,1155.326,-915.933,1153.409,1140.339,-927.568,1214.848,1137.265,-959.143,1256.864,1139.323,-1025.183,1293.116,1155.112,-1086.697,1286.212,1162.945,-1035.424,1056.355,1010.265,-1011.796,1099.452,981.176,-1014.739,1161.602,968.076,-1051.413,1223.211,975.735,-1097.633,1246.795,983.196,-1157.590,1015.651,890.826,-1131.017,1049.631,857.540,-1129.324,1098.843,838.692,-1154.826,1146.826,830.949,-1186.788,1183.759,846.149,-1275.082,1007.175,765.431,-1263.547,1047.713,746.866,-1268.220,1111.582,745.987,-1291.491,1153.087,767.907,-1460.617,1050.545,661.312,-1450.407,1087.764,656.746,-1453.658,1125.042,670.437,-1650.835,1099.256,735.544,-1643.326,1132.816,713.624,-1617.529,1160.719,706.108
-925.514,922.827,1804.714,-903.429,1014.452,1850.888,-925.944,1120.310,1875.219,-994.425,1207.640,1882.475,-1106.348,1244.352,1859.866,-1197.073,1250.063,1826.395,-858.274,1065.331,1643.986,-881.316,1175.431,1691.819,-946.555,1260.284,1691.184,-1052.557,1296.995,1655.408,-851.147,1124.565,1461.686,-850.135,1179.436,1475.811,-875.723,1249.027,1477.758,-909.938,1286.671,1476.909,-980.951,1317.116,1467.612,-1034.087,1312.725,1456.018,-877.328,1118.001,1297.217,-865.543,1174.072,1298.870,-889.876,1246.356,1301.707,-927.397,1283.721,1301.200,-984.297,1307.952,1304.312,-1042.143,1307.015,1299.368,-930.204,1098.415,1156.705,-912.497,1151.967,1141.571,-923.676,1213.367,1138.236,-955.322,1255.548,1139.884,-1021.523,1291.942,1154.899,-1083.066,1285.224,1162.207,-1030.164,1054.965,1011.052,-1005.770,1097.972,982.499,-1008.244,1160.192,969.127,-1044.475,1222.179,976.084,-1090.975,1245.692,982.923,-1150.512,1015.242,888.954,-1122.172,1049.050,856.390,-1119.509,1098.353,837.911,-1144.366,1146.505,829.820,-1175.249,1183.830,844.222,-1264.213,1008.974,759.668,-1251.146,1049.404,741.795,-1254.455,1113.397,741.153,-1277.573,1155.264,762.458,-1444.207,1059.078,647.647,-1431.571,1095.701,643.570,-1433.405,1133.180,656.971,-1635.125,1119.286,710.909,-1624.434,1152.223,689.368,-1596.660,1178.525,683.255
-925.024,922.573,1805.089,-902.941,1014.154,1851.321,-925.276,1120.092,1875.626,-993.804,1207.404,1882.679,-1105.683,1244.084,1859.929,-1196.253,1250.005,1826.498,-857.344,1064.783,1644.611,-880.521,1175.021,1692.469,-945.645,1259.856,1691.509,-1051.543,1296.517,1655.409,-849.648,1123.846,1462.552,-848.635,1178.704,1476.662,-874.177,1248.312,1478.331,-908.351,1285.977,1477.227,-979.318,1316.417,1467.675,-1032.265,1312.181,1455.759,-875.133,1116.781,1298.258,-862.983,1172.905,1299.582,-887.375,1245.241,1302.233,-924.870,1282.657,1301.421,-981.817,1306.962,1304.102,-1039.563,1306.216,1298.932,-926.998,1096.790,1158.029,-908.948,1150.252,1142.872,-920.101,1211.812,1139.272,-951.470,1254.111,1140.416,-1017.865,1290.718,1154.739,-1079.429,1284.143,1161.449,-1025.115,1053.506,1011.833,-999.934,1096.338,983.720,-1001.926,1158.563,970.131,-1037.812,1220.826,976.616,-1084.579,1244.556,982.561,-1143.838,1015.072,886.485,-1113.466,1048.453,855.420,-1110.179,1097.740,837.206,-1133.960,1146.249,828.667,-1164.838,1183.873,842.479,-1253.523,1010.844,754.045,-1239.902,1051.414,736.886,-1240.715,1115.283,736.634,-1263.381,1157.729,757.379,-1427.082,1067.927,634.407,-1412.286,1103.828,631.349,-1412.816,1141.268,644.971,-1617.617,1138.042,687.851,-1604.012,1170.480,667.215,-1574.568,1195.269,662.844
-924.508,922.225,1805.486,-902.355,1013.789,1851.783,-924.700,1119.743,1875.996,-993.102,1207.140,1882.891,-1104.975,1243.873,1859.969,-1195.555,1249.858,1826.500,-856.502,1064.242,1645.191,-879.632,1174.427,1692.985,-944.714,1259.412,1691.744,-1050.543,1296.003,1655.410,-848.206,1122.949,1463.387,-847.231,1177.817,1477.419,-872.725,1247.398,1478.900,-906.755,1285.234,1477.548,-977.563,1315.738,1467.650,-1030.601,1311.332,1455.545,-872.999,1115.518,1299.213,-860.650,1171.597,1300.437,-885.012,1243.958,1302.713,-922.433,1281.420,1301.529,-979.286,1305.918,1303.463,-1035.783,1306.827,1298.089,-923.821,1095.034,1159.359,-905.508,1148.543,1144.089,-916.242,1210.056,1140.151,-947.698,1252.555,1140.962,-1014.129,1289.315,1154.619,-1075.911,1282.822,1160.552,-1020.324,1051.884,1012.382,-994.341,1094.639,984.954,-995.741,1156.885,971.154,-1031.363,1219.294,977.144,-1077.980,1243.594,982.283,-1137.001,1014.531,884.597,-1105.034,1047.823,854.250,-1100.816,1097.117,836.599,-1123.672,1145.962,827.661,-1154.278,1184.027,840.830,-1242.963,1012.846,748.639,-1227.796,1053.354,732.182,-1226.945,1117.211,732.558,-1249.297,1160.114,752.586,-1410.025,1076.941,621.497,-1392.197,1112.160,619.589,-1390.790,1149.495,633.436,-1597.659,1161.508,663.751,-1580.363,1192.849,644.211,-1548.895,1215.312,641.825
-924.021,921.821,1805.823,-901.809,1013.373,1852.114,-924.169,1119.258,1876.382,-992.270,1206.911,1883.109,-1104.220,1243.713,1859.987,-1194.960,1249.565,1826.521,-855.622,1063.530,1645.765,-878.771,1173.837,1693.424,-943.763,1258.817,1691.991,-1049.550,1295.421,1655.343,-846.915,1121.840,1464.242,-845.836,1176.829,1478.102,-871.202,1246.442,1479.387,-905.146,1284.291,1477.861,-975.892,1314.872,1467.618,-1028.732,1310.724,1455.190,-871.100,1114.023,1300.321,-858.918,1169.975,1301.653,-882.482,1242.646,1303.152,-919.908,1280.136,1301.699,-976.620,1304.808,1303.233,-1032.867,1306.255,1297.618,-920.808,1093.176,1160.582,-902.002,1146.571,1145.282,-912.724,1208.186,1141.094,-944.241,1250.571,1141.619,-1010.871,1287.368,1154.924,-1072.262,1281.608,1159.810,-1015.416,1050.172,1012.994,-988.865,1092.836,986.173,-989.615,1155.026,972.239,-1025.038,1217.739,977.651,-1071.423,1242.334,982.094,-1130.245,1013.945,882.630,-1096.430,1046.951,852.992,-1091.602,1096.517,836.000,-1113.413,1145.768,826.891,-1144.010,1184.085,839.416,-1232.711,1015.177,743.260,-1216.608,1055.399,727.670,-1213.361,1119.222,728.579,-1235.109,1162.771,748.021,-1391.056,1086.510,609.094,-1371.834,1120.529,608.624,-1369.514,1157.597,623.052,-1574.879,1183.482,639.759,-1554.291,1213.622,621.569,-1521.289,1233.904,621.341
-923.569,921.453,1806.072,-901.185,1012.967,1852.430,-923.651,1118.919,1876.683,-991.577,1206.539,1883.212,-1103.453,1243.444,1859.961,-1194.173,1249.425,1826.512,-854.798,1062.826,1646.194,-877.895,1173.105,1693.776,-942.815,1258.201,1692.190,-1048.511,1294.833,1655.246,-845.633,1120.666,1464.957,-844.413,1175.637,1478.799,-869.610,1245.373,1479.879,-903.451,1283.274,1478.084,-974.109,1314.070,1467.544,-1026.895,1309.957,1454.942,-869.017,1112.523,1301.276,-856.580,1168.401,1302.484,-880.052,1241.095,1303.574,-917.168,1278.770,1301.850,-974.049,1303.551,1302.983,-1030.246,1305.124,1296.942,-917.787,1091.177,1161.845,-898.608,1144.469,1146.407,-909.078,1206.172,1142.039,-939.976,1249.159,1141.989,-1006.489,1286.307,1154.315,-1068.444,1280.389,1159.202,-1011.168,1048.490,1013.728,-983.630,1090.857,987.339,-983.699,1153.049,973.285,-1018.663,1216.108,978.128,-1064.995,1241.026,981.995,-1123.973,1013.601,880.482,-1088.685,1046.267,851.914,-1082.701,1095.859,835.455,-1103.174,1145.671,825.954,-1134.099,1184.049,838.061,-1222.731,1017.646,738.009,-1204.883,1057.526,723.258,-1200.032,1121.241,724.787,-1221.250,1165.345,743.811,-1372.099,1096.000,597.414,-1350.900,1128.915,598.147,-1347.237,1165.770,612.840,-1550.909,1204.606,616.797,-1527.366,1233.312,599.920,-1493.185,1251.450,601.727
-923.141,921.006,1806.395,-900.703,1012.481,1852.745,-922.849,1118.541,1876.669,-991.141,1206.049,1883.177,-1102.819,1243.083,1859.975,-1193.397,1249.349,1826.493,-854.046,1061.998,1646.564,-877.076,1172.323,1694.133,-941.825,1257.471,1692.303,-1047.455,1294.247,1655.113,-844.389,1119.314,1465.608,-843.021,1174.310,1479.395,-868.048,1244.049,1480.300,-901.664,1282.140,1478.356,-972.223,1313.070,1467.458,-1025.034,1309.104,1454.622,-867.173,1110.830,1302.081,-854.308,1166.634,1303.076,-877.508,1239.387,1304.041,-914.463,1277.210,1302.006,-971.197,1302.316,1302.749,-1027.336,1304.202,1296.414,-914.874,1089.052,1163.023,-895.338,1142.287,1147.570,-905.332,1204.006,1142.829,-936.481,1246.833,1142.572,-1003.178,1284.100,1154.565,-1064.721,1278.917,1158.289,-1006.866,1046.493,1014.298,-978.576,1088.663,988.430,-977.873,1150.867,974.261,-1012.402,1214.307,978.647,-1058.741,1239.516,981.809,-1118.011,1013.347,878.293,-1081.247,1045.554,850.719,-1074.049,1095.150,834.837,-1092.026,1146.407,824.446,-1123.761,1184.362,836.823,-1212.908,1020.421,732.878,-1193.346,1059.987,719.026,-1186.729,1123.471,721.298,-1207.344,1168.090,739.876,-1352.811,1105.656,586.583,-1328.749,1137.299,588.731,-1323.069,1173.779,603.715,-1524.265,1226.798,593.395,-1497.629,1253.622,578.092,-1462.446,1269.302,582.196
-922.682,920.512,1806.625,-899.701,1012.226,1852.938,-922.374,1117.973,1876.984,-990.319,1205.669,1883.254,-1102.057,1242.827,1859.924,-1192.501,1249.256,1826.466,-853.313,1061.027,1646.964,-876.183,1171.371,1694.437,-940.754,1256.645,1692.361,-1046.370,1293.652,1655.007,-843.072,1117.760,1466.274,-841.677,1172.758,1479.969,-866.385,1242.611,1480.696,-899.896,1280.840,1478.587,-970.240,1312.114,1467.324,-1023.054,1308.210,1454.297,-865.362,1108.946,1302.955,-852.112,1164.641,1303.783,-874.735,1237.627,1304.421,-911.647,1275.573,1302.108,-968.229,1301.011,1302.532,-1024.436,1303.082,1295.833,-912.084,1086.771,1164.156,-892.148,1139.868,1148.661,-901.834,1201.637,1143.728,-932.510,1244.687,1142.974,-999.073,1282.663,1154.564,-1061.317,1276.844,1157.796,-1002.914,1044.415,1014.758,-973.746,1086.371,989.451,-972.329,1148.572,975.188,-1006.215,1212.351,979.246,-1052.209,1238.123,981.783,-1112.592,1014.892,876.045,-1074.127,1044.860,849.516,-1065.728,1094.460,834.272,-1082.464,1146.136,823.776,-1113.532,1184.598,835.675,-1203.407,1023.470,727.715,-1182.055,1062.521,714.842,-1173.536,1125.759,718.026,-1193.374,1171.030,736.131,-1332.889,1115.364,576.393,-1307.591,1145.694,580.023,-1300.953,1181.755,595.616,-1496.379,1246.313,571.888,-1467.206,1271.383,558.338,-1431.469,1284.899,564.722
-922.306,920.005,1806.845,-899.247,1011.649,1853.158,-921.612,1117.556,1876.955,-989.854,1205.088,1883.170,-1101.275,1242.591,1859.844,-1191.785,1249.004,1826.412,-852.591,1060.043,1647.296,-875.323,1170.302,1694.648,-939.720,1255.794,1692.402,-1045.270,1292.996,1654.813,-841.871,1116.026,1466.832,-840.324,1171.068,1480.464,-864.739,1240.952,1481.042,-897.996,1279.416,1478.699,-968.205,1310.955,1467.196,-1020.943,1307.341,1453.957,-863.656,1106.926,1303.775,-849.683,1162.431,1304.485,-872.186,1235.494,1304.796,-908.815,1273.758,1302.171,-965.008,1299.608,1302.269,-1021.362,1301.948,1295.321,-909.474,1084.354,1165.236,-889.047,1137.255,1149.682,-898.125,1199.153,1144.460,-928.563,1242.449,1143.343,-994.892,1280.802,1154.110,-1056.572,1276.316,1156.864,-999.184,1042.367,1015.161,-969.169,1083.899,990.338,-966.779,1146.156,976.085,-1000.095,1210.262,979.691,-1045.806,1236.552,981.574,-1107.711,1013.498,873.531,-1067.307,1044.128,848.159,-1057.529,1093.715,833.572,-1073.276,1145.469,823.751,-1101.832,1186.115,834.049,-1194.166,1026.720,722.506,-1171.064,1065.253,710.699,-1160.384,1128.165,714.873,-1179.404,1174.055,732.627,-1312.587,1125.098,566.494,-1285.778,1154.020,571.936,-1278.010,1189.477,588.370,-1466.609,1266.275,550.892,-1435.010,1289.387,539.468,-1399.012,1300.594,548.362
-921.897,919.449,1806.993,-898.791,1010.987,1853.323,-921.110,1116.837,1877.187,-988.958,1204.600,1883.209,-1100.510,1242.261,1859.799,-1191.138,1248.595,1826.313,-851.978,1058.907,1647.552,-874.411,1169.153,1694.820,-938.599,1254.818,1692.368,-1044.029,1292.339,1654.626,-840.668,1114.121,1467.330,-838.908,1169.173,1481.013,-862.905,1239.242,1481.345,-895.974,1277.840,1478.842,-965.991,1309.770,1466.955,-1018.716,1306.375,1453.531,-862.049,1104.713,1304.476,-847.564,1160.000,1305.114,-868.674,1233.753,1305.028,-905.639,1271.846,1302.274,-961.822,1298.130,1302.049,-1018.086,1300.820,1294.727,-907.223,1081.759,1166.227,-885.935,1134.533,1150.585,-894.629,1196.484,1145.128,-924.482,1240.074,1143.629,-990.563,1279.260,1154.041,-1053.076,1274.202,1156.277,-995.797,1040.128,1015.347,-964.929,1081.387,991.007,-961.633,1143.519,976.765,-994.085,1208.100,980.038,-1039.484,1234.952,981.396,-1102.218,1014.751,871.280,-1060.902,1043.428,846.625,-1049.734,1092.896,832.777,-1063.755,1145.371,822.629,-1091.935,1186.367,832.947,-1185.201,1030.415,717.349,-1160.210,1068.205,706.619,-1147.888,1130.714,711.649,-1165.496,1177.060,729.496,-1291.916,1134.940,557.569,-1264.955,1162.271,564.794,-1255.270,1197.021,582.060,-1434.597,1285.811,531.482,-1400.784,1306.795,522.564,-1364.879,1315.571,534.152
-921.555,918.807,1807.159,-898.363,1010.265,1853.436,-920.470,1116.229,1877.127,-988.529,1203.928,1883.085,-1099.768,1241.926,1859.696,-1190.397,1248.400,1826.219,-851.392,1057.674,1647.799,-873.451,1167.920,1695.004,-937.395,1253.753,1692.305,-1042.789,1291.661,1654.402,-839.506,1112.041,1467.875,-837.497,1167.083,1481.405,-861.088,1237.210,1481.603,-893.835,1276.074,1478.925,-963.658,1308.517,1466.734,-1016.382,1305.415,1453.053,-860.391,1102.275,1305.038,-845.360,1157.432,1305.748,-865.882,1231.390,1305.346,-902.458,1269.734,1302.400,-958.489,1296.493,1301.752,-1014.794,1299.539,1294.075,-904.817,1079.071,1167.020,-882.970,1131.668,1151.363,-891.028,1193.625,1145.718,-920.393,1237.621,1143.920,-986.295,1277.314,1153.695,-1048.529,1273.170,1155.436,-992.709,1037.930,1015.232,-960.902,1078.692,991.617,-956.489,1140.809,977.384,-988.107,1205.899,980.334,-1033.081,1233.237,981.106,-1097.754,1014.886,868.138,-1055.928,1042.856,844.820,-1042.309,1092.139,831.863,-1054.601,1144.999,822.138,-1082.142,1186.565,831.945,-1176.232,1034.319,712.077,-1149.512,1071.388,702.575,-1134.827,1133.495,708.780,-1151.592,1180.228,726.527,-1271.346,1144.819,549.265,-1243.328,1170.556,558.381,-1232.621,1204.495,576.379,-1403.322,1303.868,513.832,-1367.853,1322.890,507.254,-1332.372,1329.646,521.254
-921.230,918.167,1807.258,-897.998,1009.468,1853.490,-919.733,1115.544,1877.148,-987.791,1203.324,1882.934,-1099.020,1241.635,1859.559,-1189.579,1248.232,1826.090,-850.791,1056.329,1647.931,-872.532,1166.535,1695.131,-936.147,1252.617,1692.241,-1041.439,1291.005,1654.116,-838.437,1109.784,1468.314,-836.487,1164.794,1482.003,-859.168,1235.127,1481.822,-891.541,1274.310,1478.978,-961.096,1307.190,1466.487,-1013.997,1304.337,1452.530,-858.764,1099.652,1305.532,-844.151,1154.557,1306.359,-862.995,1228.816,1305.726,-899.162,1267.526,1302.384,-954.910,1294.811,1301.436,-1011.186,1298.388,1293.466,-901.988,1076.331,1167.585,-880.131,1128.682,1152.024,-887.561,1190.614,1146.113,-916.212,1235.100,1144.064,-981.775,1275.414,1153.310,-1044.210,1271.928,1154.634,-989.904,1035.690,1015.010,-957.649,1075.880,991.937,-950.920,1138.041,977.786,-982.295,1203.412,980.611,-1026.639,1231.606,980.786,-1093.636,1015.051,865.065,-1050.396,1042.302,842.913,-1035.099,1091.382,830.870,-1045.796,1144.693,821.312,-1072.343,1186.810,830.956,-1167.506,1038.664,706.704,-1138.936,1074.880,698.495,-1121.985,1136.305,706.025,-1137.778,1183.403,723.779,-1250.037,1154.643,541.391,-1221.312,1178.708,552.557,-1210.202,1211.803,571.608,-1368.846,1321.485,498.231,-1331.878,1338.244,494.281,-1297.104,1342.687,510.761
-920.847,917.439,1807.276,-897.639,1008.639,1853.548,-919.117,1114.812,1877.153,-987.089,1202.584,1882.817,-1098.249,1241.267,1859.416,-1188.930,1247.792,1826.002,-850.309,1054.896,1648.003,-871.068,1165.283,1695.133,-934.723,1251.388,1692.086,-1040.089,1290.242,1653.811,-837.508,1107.315,1468.670,-835.047,1162.312,1482.269,-857.158,1232.803,1481.961,-889.094,1272.289,1478.916,-958.503,1305.761,1466.107,-1011.301,1303.380,1451.993,-856.620,1096.463,1305.579,-842.066,1151.503,1306.835,-859.989,1226.078,1305.926,-895.780,1265.137,1302.356,-951.156,1293.092,1301.087,-1007.470,1297.189,1292.886,-899.894,1073.479,1168.040,-877.405,1125.607,1152.544,-883.937,1187.709,1146.395,-911.945,1232.395,1144.105,-977.137,1273.323,1152.366,-1039.315,1270.887,1153.579,-987.142,1033.471,1014.660,-954.106,1073.063,992.059,-946.037,1135.139,978.101,-976.503,1200.973,980.880,-1020.394,1229.979,980.523,-1089.823,1015.568,861.378,-1044.966,1041.896,840.859,-1028.121,1090.783,829.723,-1037.162,1144.350,820.794,-1062.884,1187.057,830.056,-1158.901,1043.688,701.112,-1128.718,1078.770,694.182,-1109.918,1139.372,703.390,-1123.867,1186.870,721.310,-1228.845,1164.397,534.279,-1199.141,1186.756,547.360,-1185.933,1219.242,567.431,-1330.938,1340.746,487.233,-1292.563,1354.465,485.728,-1258.582,1355.837,504.275
-920.555,916.688,1807.344,-897.288,1007.721,1853.549,-918.569,1113.884,1877.215,-986.134,1201.888,1882.772,-1097.345,1240.905,1859.225,-1188.218,1247.439,1825.896,-849.890,1053.382,1648.002,-869.957,1163.638,1695.084,-933.258,1250.078,1691.867,-1038.548,1289.566,1653.480,-836.516,1104.695,1468.923,-833.595,1159.653,1482.461,-855.108,1230.331,1482.019,-886.624,1270.107,1478.797,-955.595,1304.314,1465.672,-1008.486,1302.318,1451.408,-855.281,1093.529,1305.821,-839.962,1148.376,1307.181,-857.057,1223.121,1306.059,-892.270,1262.602,1302.275,-947.336,1291.284,1300.738,-1003.729,1295.828,1292.212,-897.945,1070.608,1168.255,-874.675,1122.275,1152.967,-880.358,1184.451,1146.673,-907.752,1229.506,1144.202,-972.543,1271.229,1151.988,-1034.507,1269.933,1152.790,-984.943,1031.231,1013.880,-950.285,1070.295,991.983,-941.471,1132.308,978.278,-970.758,1198.574,980.944,-1014.038,1228.237,980.090,-1086.565,1016.271,855.803,-1040.240,1041.772,838.427,-1021.450,1090.224,828.486,-1028.696,1144.133,820.079,-1053.405,1187.517,829.277,-1149.929,1048.780,695.494,-1118.233,1082.951,690.126,-1097.455,1142.650,700.965,-1110.259,1190.274,719.002,-1207.471,1174.145,527.894,-1177.208,1194.846,542.768,-1163.011,1226.272,563.958,-1296.838,1355.803,479.680,-1257.713,1367.295,480.258,-1224.648,1366.387,500.417
-920.173,915.921,1807.297,-896.961,1006.809,1853.476,-917.765,1113.062,1877.090,-985.278,1201.083,1882.544,-1096.436,1240.652,1859.063,-1187.208,1247.272,1825.680,-849.559,1051.776,1647.922,-868.956,1161.950,1695.017,-931.660,1248.670,1691.602,-1036.982,1288.871,1653.150,-835.713,1101.898,1469.092,-832.163,1156.849,1482.636,-852.913,1227.668,1481.973,-884.035,1267.820,1478.607,-952.622,1302.694,1465.207,-1005.554,1301.336,1450.791,-854.705,1090.430,1306.121,-837.093,1145.036,1307.261,-853.992,1219.976,1306.198,-888.503,1259.986,1302.137,-943.138,1289.582,1300.262,-1000.252,1293.653,1291.652,-896.070,1067.509,1168.354,-872.029,1119.004,1153.189,-876.915,1181.196,1146.928,-903.434,1226.657,1144.213,-967.802,1269.105,1151.566,-1029.875,1268.663,1151.960,-982.712,1029.034,1012.952,-947.100,1067.518,991.632,-936.949,1129.303,978.280,-965.112,1196.154,981.008,-1007.635,1226.543,979.760,-1082.431,1015.861,850.508,-1035.532,1041.916,835.869,-1014.963,1089.848,827.139,-1021.575,1143.682,819.706,-1044.783,1187.686,828.605,-1141.003,1054.384,689.843,-1107.715,1087.363,686.151,-1085.060,1146.201,698.529,-1096.805,1193.820,717.063,-1185.430,1183.808,521.990,-1154.907,1202.740,538.925,-1141.495,1233.332,561.224,-1264.812,1366.598,469.932,-1225.367,1376.563,472.747,-1193.549,1374.349,494.731
-919.811,915.101,1807.273,-896.662,1005.771,1853.327,-917.021,1112.154,1876.919,-984.435,1200.257,1882.269,-1095.462,1240.269,1858.883,-1186.415,1246.837,1825.514,-849.208,1050.111,1647.761,-867.846,1160.100,1694.898,-930.041,1247.155,1691.274,-1035.311,1288.116,1652.815,-834.951,1098.994,1469.203,-830.678,1153.828,1482.657,-850.695,1224.838,1481.863,-881.268,1265.381,1478.297,-949.482,1301.089,1464.701,-1002.489,1300.275,1450.084,-853.482,1087.167,1306.137,-834.650,1141.550,1307.036,-850.950,1216.647,1306.235,-884.904,1257.167,1302.029,-939.002,1287.669,1299.918,-995.949,1292.556,1291.049,-894.343,1064.445,1168.304,-869.648,1115.433,1153.415,-873.303,1177.753,1147.054,-899.199,1223.506,1144.289,-962.939,1266.994,1151.201,-1024.902,1267.616,1151.133,-980.431,1026.977,1011.726,-943.938,1064.858,991.003,-932.532,1126.499,978.175,-958.944,1194.158,980.919,-1001.048,1225.175,979.767,-1078.765,1017.338,846.470,-1032.141,1042.732,833.087,-1009.068,1089.830,825.597,-1013.445,1143.770,819.061,-1035.596,1188.329,827.976,-1131.604,1060.386,684.298,-1096.926,1092.050,682.294,-1073.358,1150.008,696.645,-1084.262,1197.748,715.325,-1163.052,1193.275,516.846,-1132.500,1210.561,535.846,-1118.147,1240.250,559.233,-1226.595,1380.690,462.170,-1186.840,1387.959,467.632,-1156.733,1383.440,491.584
-919.424,914.283,1807.161,-896.378,1004.777,1853.147,-916.197,1111.185,1876.692,-983.514,1199.382,1881.982,-1094.448,1239.892,1858.679,-1185.524,1246.379,1825.317,-848.992,1048.369,1647.576,-866.587,1158.130,1694.701,-928.311,1245.636,1690.935,-1033.469,1287.503,1652.372,-834.229,1095.915,1469.268,-829.261,1150.732,1482.659,-848.487,1221.890,1481.710,-878.403,1262.836,1477.994,-946.157,1299.482,1464.198,-999.239,1299.294,1449.377,-852.436,1083.832,1306.046,-832.820,1137.854,1307.125,-847.979,1213.143,1306.265,-881.108,1254.206,1301.937,-934.668,1285.639,1299.564,-991.790,1291.291,1290.489,-892.609,1061.340,1168.042,-867.186,1112.047,1153.405,-869.850,1174.301,1147.221,-894.899,1220.528,1144.441,-957.988,1264.860,1150.864,-1019.975,1266.502,1150.405,-977.940,1025.019,1010.162,-940.868,1062.382,990.123,-928.048,1123.935,977.891,-953.375,1191.864,980.891,-994.635,1223.819,979.370,-1075.198,1018.866,842.165,-1027.425,1043.295,830.182,-1002.973,1089.970,824.058,-1005.690,1144.044,818.321,-1026.554,1189.193,827.236,-1122.143,1066.660,678.752,-1086.273,1097.065,678.627,-1061.226,1153.920,694.824,-1071.040,1201.579,714.046,-1140.375,1202.592,512.553,-1110.206,1218.339,533.519,-1096.800,1247.005,558.296,-1189.353,1393.096,456.010,-1152.305,1398.877,463.956,-1128.781,1391.112,492.457
-919.063,913.446,1807.018,-896.033,1003.720,1852.847,-915.305,1110.183,1876.468,-982.547,1198.451,1881.692,-1093.383,1239.572,1858.512,-1184.367,1246.209,1825.125,-848.796,1046.545,1647.310,-865.681,1156.074,1694.678,-926.297,1244.021,1690.600,-1031.605,1286.790,1652.000,-833.611,1092.781,1469.276,-827.376,1147.506,1482.470,-846.256,1218.848,1481.649,-875.524,1260.130,1477.665,-943.355,1297.067,1463.901,-995.936,1298.304,1448.701,-851.332,1080.274,1305.894,-831.212,1133.958,1307.386,-844.661,1209.581,1306.138,-877.429,1251.122,1301.826,-930.361,1283.426,1299.304,-987.464,1289.997,1289.924,-891.074,1058.277,1167.729,-865.048,1108.470,1153.486,-865.799,1170.931,1147.383,-890.773,1217.249,1144.606,-953.024,1262.781,1150.594,-1014.857,1265.572,1149.682,-975.659,1023.313,1008.302,-937.808,1060.078,989.063,-923.731,1121.374,977.503,-947.742,1189.748,980.845,-988.208,1222.514,979.094,-1071.926,1021.830,838.233,-1022.793,1044.311,827.131,-997.199,1090.356,822.329,-997.879,1144.713,817.677,-1017.984,1190.040,826.696,-1112.405,1073.221,673.401,-1075.217,1102.274,675.238,-1049.180,1157.938,693.488,-1057.998,1205.546,713.202,-1117.185,1211.672,508.976,-1087.375,1225.880,531.974,-1074.586,1253.593,557.772,-1152.132,1404.505,450.901,-1114.594,1408.557,461.367,-1097.477,1398.135,492.443
-918.793,912.600,1806.859,-895.749,1002.607,1852.596,-914.467,1109.118,1876.187,-981.501,1197.467,1881.330,-1092.360,1239.061,1858.347,-1183.569,1245.569,1824.937,-848.634,1044.650,1646.954,-864.343,1153.980,1694.411,-924.393,1242.340,1690.164,-1029.630,1286.157,1651.614,-832.998,1089.568,1469.267,-825.984,1144.205,1482.381,-843.931,1215.624,1481.462,-872.652,1257.287,1477.277,-939.796,1295.353,1463.354,-992.524,1297.292,1448.039,-850.441,1076.797,1305.725,-829.339,1130.038,1307.398,-842.069,1205.861,1306.349,-873.781,1247.902,1301.756,-925.245,1281.850,1298.979,-983.270,1288.593,1289.439,-889.591,1055.228,1167.330,-862.630,1105.057,1153.500,-862.639,1167.290,1147.588,-886.569,1214.211,1144.895,-948.083,1260.620,1150.414,-1009.819,1264.560,1149.075,-973.242,1021.883,1006.206,-934.595,1058.096,987.806,-919.532,1119.083,977.177,-941.971,1187.948,980.758,-981.973,1221.381,978.935,-1067.649,1024.074,833.526,-1017.892,1045.628,824.224,-991.089,1091.118,820.516,-990.384,1145.490,817.100,-1009.346,1191.257,826.376,-1102.231,1079.935,668.243,-1064.051,1107.596,672.032,-1036.955,1162.207,692.348,-1045.038,1209.630,712.696,-1093.795,1220.442,506.423,-1064.878,1233.154,531.624,-1052.587,1260.139,558.276,-1115.042,1415.500,447.199,-1079.125,1416.295,460.660,-1063.330,1404.193,492.086
-918.460,911.730,1806.610,-895.441,1001.482,1852.289,-913.598,1108.111,1875.950,-980.568,1196.476,1881.026,-1091.147,1238.743,1858.151,-1182.453,1245.292,1824.689,-848.580,1042.762,1646.583,-863.092,1151.981,1694.149,-922.549,1240.650,1689.720,-1027.641,1285.494,1651.178,-832.406,1086.327,1469.219,-824.099,1141.020,1482.235,-841.522,1212.523,1481.239,-869.741,1254.438,1476.874,-936.176,1293.545,1462.782,-989.161,1296.069,1447.368,-848.848,1073.082,1305.393,-827.641,1126.151,1307.433,-839.153,1202.088,1306.396,-869.717,1245.000,1301.537,-922.001,1278.840,1298.828,-978.888,1287.243,1288.974,-888.726,1052.360,1166.882,-860.169,1101.749,1153.284,-859.312,1163.920,1147.873,-882.356,1211.026,1145.182,-943.193,1258.528,1150.315,-1004.758,1263.586,1148.515,-970.489,1020.604,1003.847,-931.332,1056.355,986.400,-915.059,1117.173,976.722,-936.179,1186.370,980.812,-975.587,1220.569,978.777,-1062.960,1026.725,828.605,-1012.783,1047.454,821.032,-984.833,1092.274,818.824,-982.715,1146.609,816.350,-1000.917,1192.625,825.669,-1091.852,1086.853,662.903,-1052.636,1113.116,669.319,-1024.885,1166.527,691.661,-1032.325,1213.782,712.473,-1070.021,1228.728,504.823,-1042.230,1240.206,531.847,-1030.976,1266.521,559.592,-1078.269,1422.421,445.569,-1046.179,1422.945,461.902,-1034.629,1410.298,495.319
-918.199,910.856,1806.342,-895.154,1000.345,1851.920,-912.738,1107.040,1875.590,-979.551,1195.503,1880.668,-1090.028,1238.394,1857.933,-1181.520,1244.860,1824.464,-848.554,1040.916,1646.236,-861.828,1149.843,1693.916,-920.640,1238.945,1689.286,-1025.564,1284.780,1650.753,-831.909,1083.122,1469.154,-822.705,1137.648,1482.133,-839.220,1209.310,1480.995,-866.871,1251.592,1476.452,-932.588,1291.750,1462.146,-985.664,1295.030,1446.720,-848.063,1069.549,1305.129,-825.999,1122.231,1307.381,-836.535,1198.274,1306.379,-866.211,1241.657,1301.516,-917.910,1276.339,1298.626,-974.720,1285.821,1288.536,-887.143,1049.383,1166.357,-857.817,1098.479,1153.247,-855.883,1160.569,1148.177,-878.276,1208.118,1145.600,-938.404,1256.410,1150.229,-999.646,1262.752,1147.958,-967.772,1019.651,1001.445,-928.040,1054.976,984.881,-910.577,1115.598,976.238,-930.644,1185.012,980.841,-969.387,1219.942,978.810,-1058.113,1029.762,823.863,-1007.446,1049.670,817.929,-978.504,1093.873,817.096,-975.068,1148.160,815.880,-992.440,1194.360,825.488,-1080.664,1093.777,658.737,-1040.027,1118.474,666.576,-1012.087,1170.967,691.110,-1020.226,1218.061,712.465,-1046.189,1236.685,504.314,-1019.803,1246.951,533.280,-1009.965,1272.598,561.646,-1041.366,1431.459,444.337,-1012.110,1429.710,463.946,-1005.343,1415.285,498.343
-917.898,909.948,1806.072,-894.900,999.251,1851.523,-911.717,1106.077,1875.026,-978.828,1194.444,1880.163,-1088.984,1237.900,1857.686,-1180.620,1244.351,1824.178,-848.500,1039.029,1645.819,-860.599,1147.862,1693.651,-918.756,1237.230,1688.859,-1023.516,1284.129,1650.358,-831.359,1079.988,1469.130,-821.314,1134.358,1482.094,-836.810,1206.085,1480.752,-864.012,1248.719,1476.080,-928.994,1289.807,1461.622,-982.157,1293.907,1446.032,-847.309,1066.016,1304.924,-824.425,1118.337,1307.368,-833.954,1194.507,1306.411,-862.914,1238.352,1301.484,-913.947,1273.842,1298.492,-970.438,1284.450,1288.119,-885.508,1046.606,1165.720,-855.520,1095.304,1153.217,-852.651,1157.361,1148.468,-874.377,1205.130,1145.953,-933.756,1254.395,1150.224,-994.737,1261.828,1147.423,-964.797,1018.988,998.799,-924.965,1053.850,983.245,-906.102,1114.316,975.672,-925.025,1183.989,980.947,-963.177,1219.481,978.792,-1052.680,1033.289,819.087,-1001.719,1052.265,814.796,-971.876,1095.897,815.495,-967.368,1150.054,815.434,-983.961,1196.453,825.432,-1069.303,1100.942,654.523,-1028.458,1124.448,664.569,-1000.004,1175.667,691.012,-1007.673,1222.460,713.029,-1022.605,1244.118,505.084,-998.851,1253.917,535.350,-989.107,1278.470,564.839,-1004.526,1436.986,445.658,-976.870,1434.463,469.817,-973.978,1420.590,505.363
-917.711,909.086,1805.734,-894.616,998.161,1851.158,-910.893,1104.977,1874.665,-977.767,1193.513,1879.750,-1087.846,1237.520,1857.496,-1179.585,1244.041,1823.848,-848.478,1037.250,1645.455,-859.362,1145.808,1693.439,-916.864,1235.564,1688.431,-1021.468,1283.456,1649.988,-830.839,1076.915,1469.123,-819.996,1131.052,1482.094,-834.551,1203.006,1480.504,-861.154,1245.823,1475.673,-925.526,1287.835,1461.082,-978.688,1292.823,1445.474,-846.538,1062.575,1304.786,-823.051,1114.557,1307.383,-831.417,1190.826,1306.505,-859.657,1235.079,1301.500,-910.136,1271.308,1298.295,-966.466,1282.960,1287.714,-883.968,1043.961,1165.155,-853.037,1092.253,1153.137,-849.469,1154.267,1148.806,-870.493,1202.363,1146.339,-929.156,1252.488,1150.234,-990.134,1260.798,1147.035,-961.706,1018.730,996.111,-921.338,1053.187,981.601,-901.468,1113.449,975.123,-919.505,1183.326,981.058,-957.114,1219.374,978.974,-1047.121,1037.085,814.669,-995.572,1055.268,811.802,-964.950,1098.304,814.016,-959.370,1152.401,815.158,-975.632,1198.853,825.559,-1057.071,1107.882,650.854,-1016.229,1130.319,662.725,-987.739,1180.454,691.305,-995.268,1226.883,713.759,-998.968,1251.040,506.703,-977.195,1260.059,538.635,-968.142,1284.224,568.688,-968.473,1441.865,447.161,-941.551,1437.304,476.278,-941.693,1423.682,512.424
-917.445,908.231,1805.361,-894.407,997.079,1850.706,-910.007,1103.975,1874.318,-976.849,1192.558,1879.393,-1086.821,1237.018,1857.240,-1178.690,1243.441,1823.598,-848.521,1035.453,1645.079,-858.067,1143.827,1693.239,-915.069,1233.882,1688.069,-1019.360,1282.739,1649.557,-830.231,1073.957,1469.090,-818.699,1127.950,1482.048,-832.430,1199.959,1480.304,-858.478,1243.068,1475.368,-922.148,1285.978,1460.617,-975.293,1291.682,1444.903,-845.921,1059.287,1304.650,-821.608,1110.919,1307.485,-829.003,1187.242,1306.640,-856.559,1231.915,1301.556,-906.576,1268.872,1298.193,-962.543,1281.463,1287.337,-882.287,1041.454,1164.534,-850.651,1089.432,1153.106,-846.286,1151.441,1149.106,-865.801,1200.321,1146.692,-924.174,1250.913,1150.240,-985.385,1259.952,1146.639,-958.429,1018.784,993.430,-917.554,1052.817,979.906,-896.806,1112.876,974.583,-913.964,1182.917,981.208,-951.125,1219.386,979.091,-1039.940,1040.647,810.068,-988.961,1058.572,808.902,-957.687,1101.020,812.683,-951.359,1154.953,815.027,-967.129,1201.509,825.818,-1044.438,1114.848,647.457,-1003.572,1136.254,661.355,-975.440,1185.388,691.854,-983.055,1231.609,714.885,-975.550,1257.359,509.259,-956.861,1265.888,542.520,-946.293,1289.689,573.253,-932.869,1445.000,450.352,-906.837,1438.272,483.063,-909.293,1425.141,519.694
-917.228,907.280,1804.987,-894.131,995.979,1850.254,-909.230,1102.995,1873.981,-975.918,1191.659,1879.067,-1085.683,1236.684,1856.965,-1177.749,1243.054,1823.264,-848.418,1033.713,1644.700,-856.933,1141.976,1693.098,-913.337,1232.255,1687.720,-1017.364,1282.066,1649.173,-829.667,1071.201,1469.048,-817.526,1124.933,1481.980,-830.327,1197.098,1480.122,-855.935,1240.448,1475.100,-919.073,1284.022,1460.145,-972.177,1290.497,1444.404,-845.192,1056.168,1304.616,-820.393,1107.568,1307.662,-826.748,1183.881,1306.822,-853.645,1228.906,1301.628,-903.119,1266.485,1298.119,-958.810,1279.948,1286.966,-881.244,1039.212,1163.972,-848.279,1086.854,1153.035,-843.169,1148.818,1149.430,-862.081,1197.978,1147.030,-919.340,1249.636,1150.537,-980.897,1259.205,1146.347,-954.802,1018.921,990.739,-913.572,1052.722,978.182,-892.540,1112.533,974.077,-908.463,1182.738,981.499,-945.228,1219.581,979.375,-1032.868,1044.833,805.784,-981.808,1062.094,806.119,-950.185,1104.075,811.455,-943.044,1157.956,815.084,-958.387,1204.555,826.436,-1031.353,1121.701,644.549,-990.669,1142.223,660.328,-962.968,1190.460,692.797,-968.862,1236.481,716.377,-952.453,1263.192,512.759,-935.579,1271.369,547.237,-926.808,1295.078,578.383,-898.111,1446.822,454.957,-873.222,1438.157,490.313,-877.582,1425.549,527.338
-917.045,906.453,1804.586,-893.887,994.994,1849.815,-908.409,1102.041,1873.619,-975.012,1190.747,1878.725,-1084.677,1236.256,1856.714,-1176.785,1242.682,1822.960,-848.322,1032.069,1644.332,-855.780,1140.111,1692.889,-911.732,1230.723,1687.382,-1015.534,1281.345,1648.822,-829.113,1068.551,1469.117,-816.333,1122.155,1481.950,-828.406,1194.385,1479.965,-853.615,1237.977,1474.773,-916.105,1282.217,1459.683,-969.194,1289.310,1443.895,-844.348,1053.327,1304.632,-819.314,1104.550,1307.903,-824.454,1180.813,1307.016,-850.825,1226.091,1301.724,-899.746,1264.365,1298.122,-955.275,1278.484,1286.634,-879.382,1037.127,1163.423,-845.780,1084.539,1153.060,-840.029,1146.472,1149.871,-858.570,1195.746,1147.681,-915.122,1248.062,1150.696,-976.495,1258.436,1146.139,-951.181,1019.497,988.007,-909.354,1052.945,976.605,-887.678,1112.564,973.680,-903.069,1182.853,981.892,-939.298,1220.169,979.819,-1027.139,1050.336,801.490,-974.434,1066.119,803.609,-942.329,1107.425,810.481,-934.085,1161.367,815.240,-950.036,1207.641,827.073,-1017.637,1128.388,641.975,-977.403,1148.191,659.650,-950.534,1195.738,694.041,-957.811,1241.035,717.938,-929.866,1268.515,517.039,-915.535,1276.630,552.730,-908.636,1300.377,584.168,-864.475,1447.475,460.794,-841.150,1437.297,498.115,-847.366,1425.486,535.527
-916.831,905.561,1804.163,-893.640,993.971,1849.380,-907.648,1101.095,1873.307,-974.187,1189.837,1878.328,-1083.766,1235.712,1856.490,-1176.066,1242.100,1822.651,-848.151,1030.534,1644.048,-854.694,1138.425,1692.707,-910.121,1229.281,1687.090,-1013.658,1280.688,1648.432,-828.409,1066.186,1469.138,-815.261,1119.631,1481.973,-826.694,1191.887,1479.874,-851.521,1235.735,1474.609,-913.429,1280.499,1459.339,-966.462,1288.114,1443.420,-843.337,1050.669,1304.645,-818.102,1101.826,1308.117,-822.296,1178.016,1307.307,-848.199,1223.579,1301.933,-896.683,1262.324,1298.069,-951.941,1277.145,1286.330,-877.326,1035.389,1162.851,-843.268,1082.460,1153.179,-836.925,1144.274,1150.233,-854.939,1193.824,1148.213,-911.079,1246.641,1150.948,-972.192,1257.738,1145.903,-947.329,1020.330,985.296,-904.971,1053.424,975.037,-882.660,1112.923,973.344,-897.543,1183.097,982.355,-933.536,1220.733,980.366,-1019.056,1054.605,797.620,-966.299,1069.997,801.248,-933.417,1110.669,809.940,-925.528,1164.814,815.492,-941.468,1211.052,827.997,-1003.408,1134.736,639.931,-963.923,1154.076,659.421,-938.254,1200.967,695.599,-945.974,1246.036,719.678,-907.741,1273.440,522.157,-896.094,1281.929,558.491,-890.673,1305.668,590.034,-831.738,1447.138,467.945,-810.883,1436.260,506.761,-819.448,1425.531,544.426
-916.672,904.761,1803.773,-893.406,993.013,1848.942,-907.018,1100.101,1873.099,-973.126,1189.066,1878.063,-1082.826,1235.337,1856.198,-1175.083,1241.835,1822.225,-848.020,1029.112,1643.760,-853.475,1136.855,1692.402,-908.802,1227.914,1686.811,-1012.078,1279.928,1648.114,-827.292,1064.122,1469.046,-814.210,1117.388,1482.106,-825.071,1189.632,1479.801,-849.545,1233.624,1474.444,-911.068,1278.892,1459.056,-963.936,1286.935,1443.034,-842.217,1048.406,1304.651,-817.074,1099.411,1308.447,-819.625,1175.577,1307.462,-845.611,1221.301,1302.153,-893.650,1260.400,1298.096,-948.731,1275.858,1286.057,-875.203,1033.827,1162.399,-840.566,1080.670,1153.220,-833.445,1142.637,1150.713,-851.750,1192.016,1148.920,-907.189,1245.439,1151.280,-968.105,1257.085,1145.761,-943.109,1021.180,982.657,-900.378,1054.052,973.612,-877.571,1113.368,973.107,-891.988,1183.657,982.889,-927.746,1221.569,981.006,-1009.746,1058.159,794.712,-957.540,1073.580,799.202,-924.934,1114.303,809.365,-916.981,1168.345,816.102,-933.182,1214.434,828.878,-989.023,1140.878,638.318,-950.304,1159.797,659.586,-925.969,1206.216,697.351,-933.603,1251.385,721.749,-886.112,1277.903,527.712,-876.956,1286.696,564.860,-872.991,1310.865,596.309,-800.200,1446.041,476.357,-782.889,1435.542,516.617,-794.635,1426.265,554.205
-916.475,903.914,1803.325,-893.146,992.063,1848.530,-906.325,1099.276,1872.711,-972.333,1188.190,1877.687,-1082.064,1234.764,1855.864,-1174.495,1241.181,1821.895,-847.790,1027.788,1643.461,-852.631,1135.465,1692.278,-907.528,1226.654,1686.592,-1010.507,1279.250,1647.793,-826.545,1062.266,1469.093,-813.157,1115.442,1482.245,-823.238,1187.768,1479.705,-847.740,1231.864,1474.427,-908.938,1277.319,1458.831,-961.613,1285.854,1442.624,-841.022,1046.496,1304.700,-815.514,1097.290,1308.821,-817.477,1173.441,1307.867,-843.173,1219.400,1302.460,-890.941,1258.838,1298.177,-945.763,1274.683,1285.850,-872.852,1032.574,1161.882,-837.983,1079.201,1153.357,-830.286,1141.078,1151.172,-848.252,1190.651,1149.472,-903.482,1244.333,1151.590,-964.235,1256.472,1145.642,-938.850,1022.353,979.853,-895.063,1054.695,972.078,-872.355,1114.125,973.022,-886.476,1184.364,983.590,-922.086,1222.445,981.668,-1001.360,1063.007,790.794,-948.960,1077.891,797.265,-916.244,1117.977,808.956,-909.293,1171.806,816.929,-924.673,1217.979,829.762,-974.246,1146.494,637.044,-936.627,1165.375,660.049,-913.746,1211.407,699.303,-922.964,1256.077,723.444,-865.383,1282.095,533.889,-858.514,1291.597,571.322,-856.453,1316.001,602.599,-770.149,1444.264,485.945,-757.707,1435.457,528.170,-773.731,1428.269,565.029
-916.371,903.144,1802.878,-892.877,991.171,1848.141,-905.721,1098.348,1872.329,-971.644,1187.412,1877.364,-1081.281,1234.322,1855.579,-1173.716,1240.840,1821.485,-847.517,1026.533,1643.179,-851.905,1134.120,1692.166,-906.440,1225.470,1686.380,-1009.177,1278.553,1647.507,-825.677,1060.690,1469.223,-812.169,1113.731,1482.431,-821.873,1186.030,1479.883,-846.149,1230.203,1474.404,-907.031,1276.063,1458.591,-959.693,1284.838,1442.257,-839.568,1044.845,1304.824,-813.937,1095.604,1309.112,-815.450,1171.679,1308.240,-840.827,1217.775,1302.817,-887.756,1257.928,1298.232,-941.663,1274.562,1285.653,-870.238,1031.545,1161.464,-835.169,1078.060,1153.466,-827.109,1139.901,1151.697,-844.702,1189.532,1150.145,-899.799,1243.547,1151.983,-960.460,1255.981,1145.457,-934.108,1023.589,977.390,-890.038,1055.797,970.875,-866.941,1114.995,973.004,-880.983,1185.238,984.273,-916.473,1223.454,982.412,-992.022,1067.054,787.854,-940.473,1082.065,795.438,-907.593,1121.857,808.887,-900.627,1175.366,817.684,-916.349,1221.412,830.857,-959.635,1151.956,636.239,-923.033,1170.691,660.813,-901.704,1216.444,701.342,-911.148,1260.999,725.587,-845.166,1286.108,540.552,-840.716,1296.123,578.226,-840.181,1321.070,609.130,-741.641,1442.084,496.601,-733.979,1435.484,539.822,-754.039,1430.663,575.486
-916.147,902.364,1802.482,-892.539,990.298,1847.760,-905.202,1097.564,1872.033,-970.999,1186.647,1877.025,-1080.524,1233.842,1855.307,-1172.971,1240.551,1821.235,-847.155,1025.405,1642.924,-851.231,1132.921,1692.078,-905.575,1224.418,1686.204,-1008.050,1277.859,1647.192,-824.756,1059.347,1469.373,-811.119,1112.353,1482.674,-820.923,1184.600,1480.222,-844.640,1228.976,1474.593,-905.381,1274.900,1458.458,-957.944,1283.874,1441.882,-838.000,1043.638,1305.070,-812.107,1094.189,1309.545,-813.358,1170.330,1308.791,-838.497,1216.514,1303.237,-885.339,1256.806,1298.435,-939.082,1273.696,1285.489,-867.477,1030.867,1161.093,-832.091,1077.254,1153.658,-823.976,1139.049,1152.242,-841.313,1188.798,1150.897,-896.326,1242.906,1152.329,-956.902,1255.501,1145.323,-928.970,1024.962,975.259,-884.731,1057.007,969.815,-861.419,1116.094,973.066,-875.410,1186.328,985.085,-910.708,1224.613,983.166,-982.461,1070.864,785.117,-931.127,1085.925,794.059,-898.687,1125.466,808.804,-891.994,1178.880,818.672,-908.105,1224.724,831.874,-945.195,1157.164,635.771,-909.546,1175.734,661.756,-889.774,1221.229,703.563,-900.726,1265.515,727.662,-825.716,1289.830,547.515,-823.584,1300.723,585.148,-826.928,1325.974,614.935,-714.923,1439.800,508.015,-712.120,1435.761,551.349,-736.204,1433.410,585.157
-916.000,901.583,1802.082,-892.248,989.461,1847.409,-904.628,1096.784,1871.508,-970.672,1185.866,1876.557,-1079.917,1233.307,1855.051,-1172.496,1239.958,1820.919,-846.674,1024.429,1642.771,-850.645,1131.848,1692.001,-904.884,1223.443,1686.054,-1007.176,1277.090,1646.810,-823.792,1058.274,1469.616,-810.041,1111.234,1483.003,-819.418,1183.593,1480.321,-843.469,1227.883,1474.780,-903.992,1273.961,1458.369,-956.460,1282.974,1441.574,-836.111,1042.680,1305.328,-810.340,1093.201,1310.013,-811.330,1169.331,1309.367,-836.378,1215.576,1303.667,-883.124,1255.921,1298.622,-936.638,1272.938,1285.290,-864.523,1030.369,1160.821,-829.046,1076.707,1153.956,-820.751,1138.470,1152.925,-837.940,1188.353,1151.558,-893.175,1242.203,1152.522,-953.306,1255.487,1145.016,-923.472,1026.305,973.307,-880.177,1058.721,968.725,-856.004,1117.503,973.151,-869.948,1187.452,985.803,-905.366,1225.757,983.823,-972.537,1074.425,782.743,-921.599,1089.479,792.960,-889.678,1129.051,808.894,-883.422,1182.323,819.565,-899.858,1227.973,832.848,-930.567,1162.115,635.588,-896.131,1180.678,662.981,-878.072,1225.885,705.755,-889.882,1270.020,729.725,-807.305,1293.295,554.549,-807.081,1305.066,592.082,-812.137,1330.963,620.995,-689.960,1437.390,520.105,-691.806,1435.983,563.620,-719.426,1436.174,595.194
-915.788,900.857,1801.693,-891.876,988.684,1847.002,-904.242,1096.036,1871.163,-970.179,1185.148,1876.195,-1079.367,1232.807,1854.802,-1171.875,1239.664,1820.552,-846.242,1023.501,1642.592,-850.206,1130.913,1691.942,-904.286,1222.588,1685.926,-1006.395,1276.390,1646.551,-822.738,1057.378,1469.866,-809.060,1110.322,1483.320,-818.709,1182.740,1480.848,-842.367,1227.090,1474.995,-902.806,1273.198,1458.379,-955.119,1282.093,1441.272,-834.198,1042.064,1305.700,-808.330,1092.468,1310.586,-809.358,1168.607,1309.986,-834.332,1214.953,1304.210,-880.988,1255.279,1298.789,-934.358,1272.430,1285.155,-861.201,1030.223,1160.572,-825.830,1076.560,1154.241,-817.509,1138.313,1153.525,-834.617,1188.143,1152.328,-890.880,1241.489,1153.026,-949.966,1255.275,1144.854,-917.732,1027.839,971.329,-874.248,1060.228,967.875,-850.187,1119.009,973.378,-864.466,1188.814,986.533,-899.825,1227.152,984.598,-962.451,1077.858,780.462,-911.850,1093.015,792.045,-880.655,1132.538,809.135,-874.851,1185.791,820.532,-891.840,1231.229,833.917,-916.142,1166.728,635.726,-882.853,1185.275,664.365,-866.398,1230.340,708.085,-879.429,1274.321,731.826,-789.650,1296.683,561.682,-791.572,1309.105,598.711,-797.274,1335.918,627.026,-666.530,1435.219,532.314,-672.739,1436.542,575.371,-703.488,1439.292,604.330
-915.577,900.125,1801.302,-891.546,987.935,1846.668,-903.819,1095.336,1870.827,-969.652,1184.443,1875.851,-1078.808,1232.245,1854.391,-1171.344,1239.313,1820.190,-845.647,1022.605,1642.445,-849.758,1130.045,1691.881,-903.790,1221.760,1685.763,-1005.800,1275.728,1646.291,-821.726,1056.664,1470.137,-808.078,1109.741,1483.678,-817.756,1182.057,1481.226,-841.463,1226.436,1475.255,-901.883,1272.413,1458.384,-953.935,1281.561,1441.035,-832.139,1041.713,1306.147,-806.356,1092.103,1311.252,-807.510,1168.305,1310.516,-832.357,1214.618,1304.767,-879.072,1254.949,1299.033,-932.388,1271.991,1284.969,-857.745,1030.371,1160.399,-822.576,1076.693,1154.820,-814.230,1138.467,1154.293,-831.326,1188.330,1153.113,-886.737,1242.115,1153.261,-946.831,1255.286,1144.722,-911.660,1029.451,969.567,-868.187,1061.992,967.185,-844.334,1120.666,973.683,-859.001,1190.392,987.349,-894.579,1228.552,985.220,-952.025,1081.038,778.503,-902.030,1096.424,791.349,-871.503,1136.022,809.573,-866.441,1189.178,821.668,-884.246,1234.382,834.965,-901.722,1171.094,636.190,-869.444,1189.675,666.041,-855.026,1234.812,710.517,-869.025,1278.685,733.906,-772.767,1299.783,568.911,-775.768,1313.604,605.146,-783.487,1340.777,632.695,-645.284,1433.126,544.657,-655.252,1437.291,586.592,-688.600,1442.564,612.744
-915.373,899.398,1800.906,-891.153,987.176,1846.376,-903.545,1094.612,1870.491,-969.311,1183.856,1875.514,-1078.348,1231.776,1854.115,-1170.925,1238.805,1819.880,-845.160,1021.881,1642.317,-849.406,1129.362,1691.840,-903.443,1221.055,1685.662,-1005.297,1275.033,1646.004,-820.560,1056.164,1470.426,-807.115,1109.265,1484.129,-817.013,1181.685,1481.631,-840.641,1226.034,1475.571,-901.033,1271.996,1458.502,-953.200,1280.813,1440.840,-829.897,1041.632,1306.617,-804.233,1091.974,1311.971,-805.759,1168.232,1311.188,-830.532,1214.580,1305.426,-877.274,1254.734,1299.373,-930.701,1271.552,1284.846,-854.070,1030.725,1160.288,-819.001,1077.236,1155.312,-810.910,1138.965,1155.130,-828.064,1188.814,1153.955,-884.782,1241.812,1153.762,-943.715,1255.283,1144.515,-905.164,1031.129,968.027,-861.859,1063.853,966.602,-838.462,1122.720,974.069,-853.400,1192.198,988.029,-889.382,1230.164,985.963,-941.736,1084.247,776.713,-892.089,1099.875,790.900,-862.283,1139.600,810.165,-857.929,1192.660,822.908,-876.303,1237.638,835.949,-887.300,1175.220,636.950,-856.343,1193.995,667.920,-843.802,1239.192,712.956,-859.111,1282.995,735.836,-756.141,1302.870,576.096,-759.614,1318.134,611.834,-770.120,1345.501,638.014,-625.471,1431.222,556.624,-638.789,1438.174,597.018,-674.332,1445.744,620.163
-915.170,898.714,1800.524,-890.805,986.497,1846.024,-903.219,1093.912,1870.245,-968.586,1183.244,1875.287,-1077.961,1231.148,1853.828,-1170.479,1238.430,1819.668,-844.538,1021.102,1642.212,-849.082,1128.628,1691.776,-903.059,1220.427,1685.554,-1004.921,1274.381,1645.767,-819.457,1055.817,1470.763,-806.154,1108.991,1484.540,-816.242,1181.464,1482.069,-839.999,1225.776,1475.942,-900.331,1271.683,1458.510,-952.395,1280.454,1440.675,-827.474,1041.778,1307.147,-802.406,1092.049,1313.073,-804.189,1168.403,1311.908,-828.907,1214.755,1306.123,-875.689,1254.798,1299.669,-929.044,1271.359,1284.716,-850.076,1031.358,1160.256,-815.407,1078.092,1155.892,-807.654,1139.756,1156.064,-824.826,1189.647,1154.867,-881.756,1242.368,1154.237,-940.750,1255.567,1144.389,-898.477,1033.019,966.510,-855.480,1066.043,966.167,-832.344,1124.901,974.665,-848.149,1194.156,989.015,-884.435,1231.846,986.695,-930.908,1087.198,775.139,-881.830,1103.304,790.754,-853.131,1143.201,811.014,-849.475,1196.269,824.285,-868.816,1240.949,837.115,-872.903,1179.124,638.076,-843.090,1198.151,670.098,-832.808,1243.524,715.475,-849.432,1287.181,737.865,-740.755,1305.658,583.031,-745.546,1321.818,618.390,-757.292,1350.233,643.062,-606.731,1429.061,567.990,-622.951,1438.658,606.805,-660.154,1448.549,626.989
-914.944,898.043,1800.185,-890.386,985.878,1845.716,-902.877,1093.270,1869.931,-968.229,1182.618,1874.961,-1077.542,1230.655,1853.603,-1169.902,1238.214,1819.385,-843.853,1020.484,1642.092,-848.761,1128.108,1691.723,-902.882,1219.821,1685.455,-1004.536,1273.766,1645.518,-818.267,1055.562,1471.038,-805.205,1108.915,1484.904,-815.300,1181.399,1482.289,-839.457,1225.574,1476.253,-899.890,1271.272,1458.664,-951.694,1279.942,1440.527,-824.935,1042.124,1307.653,-800.128,1092.484,1313.738,-802.756,1168.703,1312.507,-827.299,1215.131,1306.812,-874.938,1254.451,1300.080,-928.942,1270.314,1284.552,-845.927,1032.387,1160.247,-811.595,1079.284,1156.555,-804.315,1140.883,1157.087,-821.669,1190.761,1155.845,-879.115,1242.977,1154.672,-938.063,1255.777,1144.262,-891.501,1035.170,965.254,-848.758,1068.382,965.914,-826.374,1127.426,975.391,-842.892,1196.371,990.055,-879.624,1233.708,987.504,-916.577,1088.722,774.104,-870.828,1106.552,791.154,-843.793,1146.922,812.104,-841.291,1199.993,825.873,-861.258,1244.439,838.257,-858.502,1182.750,639.634,-830.016,1202.216,672.684,-821.944,1248.109,718.027,-840.040,1291.534,739.724,-725.906,1308.390,589.720,-731.535,1325.745,624.331,-744.687,1354.791,647.461,-589.622,1426.970,578.755,-607.689,1438.765,615.649,-646.012,1450.849,633.199
-914.745,897.417,1799.858,-890.034,985.166,1845.432,-902.506,1092.599,1869.603,-967.850,1182.020,1874.680,-1077.126,1230.144,1853.333,-1169.623,1237.706,1819.106,-843.226,1019.900,1641.987,-848.471,1127.526,1691.652,-902.642,1219.300,1685.411,-1004.278,1273.184,1645.305,-817.059,1055.459,1471.321,-804.289,1108.884,1485.265,-815.036,1181.327,1482.935,-839.024,1225.481,1476.609,-899.484,1271.069,1458.843,-951.238,1279.631,1440.473,-822.335,1042.649,1308.151,-797.963,1093.155,1314.289,-801.251,1169.390,1313.358,-825.812,1215.811,1307.695,-873.709,1254.768,1300.558,-927.574,1270.315,1284.492,-841.520,1033.599,1160.314,-807.701,1080.783,1157.225,-800.899,1142.479,1158.163,-818.610,1192.150,1156.838,-876.534,1243.932,1155.217,-935.397,1256.145,1144.148,-884.012,1037.223,964.229,-841.678,1071.073,965.941,-820.206,1130.214,976.315,-838.172,1198.889,991.327,-875.060,1235.797,988.336,-904.875,1091.595,773.220,-859.137,1109.790,791.601,-834.354,1150.921,813.444,-833.168,1203.957,827.564,-854.380,1247.965,839.752,-844.110,1186.113,641.592,-817.100,1206.261,675.467,-811.603,1252.483,720.845,-831.134,1295.970,741.595,-711.889,1310.909,595.969,-717.574,1329.655,629.947,-732.489,1358.948,651.682,-573.281,1424.628,588.543,-592.625,1438.302,623.673,-631.656,1452.457,638.924
-914.480,896.803,1799.567,-889.540,984.598,1845.151,-902.188,1092.056,1869.333,-967.476,1181.393,1874.392,-1076.823,1229.505,1853.110,-1169.279,1237.243,1818.870,-842.564,1019.346,1641.856,-848.224,1127.039,1691.632,-902.376,1218.825,1685.392,-1004.031,1272.612,1645.189,-815.854,1055.444,1471.651,-803.463,1108.957,1485.717,-814.467,1181.415,1483.451,-838.659,1225.455,1477.068,-899.176,1270.899,1459.109,-950.839,1279.295,1440.365,-819.583,1043.323,1308.655,-795.304,1094.088,1314.810,-799.601,1170.222,1315.483,-824.525,1216.580,1308.534,-872.619,1255.186,1300.997,-926.411,1270.364,1284.540,-837.025,1035.083,1160.375,-803.797,1082.647,1157.992,-797.499,1144.238,1159.240,-815.680,1193.915,1157.971,-874.170,1245.009,1155.831,-933.095,1256.475,1144.076,-876.196,1039.611,963.248,-834.698,1074.131,966.471,-813.338,1133.411,977.425,-833.295,1201.688,992.609,-870.815,1237.993,989.214,-893.171,1094.536,772.839,-849.202,1113.874,792.488,-825.337,1155.306,814.917,-825.297,1208.112,829.468,-847.611,1251.758,841.083,-829.858,1189.385,643.907,-804.368,1210.169,678.546,-801.387,1257.041,723.361,-822.449,1300.330,743.079,-697.693,1313.266,601.501,-704.847,1332.756,634.577,-720.676,1362.914,655.062,-557.891,1422.066,597.388,-577.932,1437.114,631.055,-617.292,1453.252,644.506
-914.258,896.208,1799.230,-889.147,983.985,1844.837,-901.737,1091.411,1869.064,-967.082,1180.820,1874.182,-1076.404,1229.031,1852.928,-1168.734,1237.008,1818.654,-841.955,1018.751,1641.847,-847.991,1126.579,1691.647,-902.199,1218.378,1685.442,-1003.820,1272.079,1645.102,-814.667,1055.501,1471.996,-802.545,1109.165,1486.265,-814.048,1181.539,1484.017,-838.377,1225.512,1477.564,-898.948,1270.838,1459.461,-950.464,1278.940,1440.435,-816.864,1044.204,1309.167,-793.223,1095.128,1315.282,-798.168,1171.216,1316.560,-823.200,1217.486,1309.489,-871.553,1255.731,1301.530,-925.419,1270.426,1284.654,-832.381,1036.746,1160.578,-799.874,1084.772,1158.835,-794.216,1146.473,1160.497,-812.935,1195.900,1159.169,-872.021,1246.286,1156.418,-931.032,1256.943,1144.115,-867.986,1042.145,962.706,-827.196,1077.397,967.029,-807.191,1136.963,978.806,-828.651,1204.753,994.014,-866.866,1240.381,990.142,-880.950,1097.599,772.749,-838.109,1117.872,793.737,-815.822,1159.770,816.845,-817.808,1212.506,831.426,-841.883,1255.423,842.358,-815.637,1192.342,646.478,-791.915,1214.086,681.802,-791.584,1261.490,725.930,-814.226,1304.770,744.434,-684.385,1315.123,606.752,-694.290,1335.643,638.585,-708.901,1366.318,658.413,-543.113,1419.137,605.402,-563.758,1435.284,637.912,-603.226,1453.346,649.795
-914.063,895.661,1798.886,-888.683,983.381,1844.561,-901.435,1090.899,1868.757,-966.963,1180.135,1873.846,-1076.050,1228.496,1852.804,-1168.273,1236.710,1818.496,-841.357,1018.310,1641.785,-847.691,1126.073,1691.712,-902.000,1217.896,1685.576,-1003.540,1271.625,1645.096,-813.430,1055.655,1472.412,-801.735,1109.389,1486.771,-813.372,1181.790,1484.545,-838.094,1225.668,1478.215,-898.764,1270.744,1459.853,-950.278,1278.526,1440.555,-813.970,1045.335,1309.749,-791.155,1096.512,1316.591,-796.622,1172.514,1317.749,-822.108,1218.500,1310.506,-870.666,1256.427,1302.249,-924.440,1270.476,1284.842,-827.642,1038.805,1160.706,-795.859,1087.160,1159.737,-791.035,1148.866,1161.824,-810.250,1198.202,1160.335,-870.228,1247.600,1157.149,-929.110,1257.400,1144.232,-859.596,1044.944,962.640,-819.310,1080.823,967.690,-800.888,1140.907,980.261,-824.337,1208.170,995.675,-863.089,1242.965,991.239,-869.021,1100.641,773.176,-827.021,1121.927,795.338,-806.410,1164.441,818.967,-810.265,1217.164,833.439,-835.421,1259.526,843.349,-801.762,1195.195,649.245,-779.690,1217.882,685.017,-782.205,1265.963,728.143,-806.203,1309.013,745.400,-671.918,1316.751,611.270,-680.753,1337.724,643.115,-697.801,1369.259,660.685,-528.865,1416.041,612.467,-550.123,1433.223,643.974,-589.757,1452.678,654.494
-913.814,895.075,1798.608,-888.275,982.766,1844.336,-901.050,1090.189,1868.662,-966.341,1179.619,1873.851,-1075.582,1227.980,1852.703,-1167.848,1236.261,1818.325,-840.604,1017.808,1641.775,-847.431,1125.647,1691.848,-901.754,1217.420,1685.769,-1003.201,1271.134,1645.217,-812.552,1055.792,1472.929,-800.742,1109.694,1487.367,-812.378,1182.301,1485.190,-837.778,1225.824,1478.901,-898.600,1270.692,1460.405,-949.985,1278.205,1440.836,-811.023,1046.410,1310.340,-789.101,1097.856,1317.423,-795.312,1173.820,1319.021,-821.015,1219.667,1311.649,-869.936,1257.023,1303.009,-923.740,1270.506,1285.116,-822.825,1040.998,1160.953,-791.869,1089.828,1160.791,-788.045,1151.622,1163.304,-807.964,1200.576,1161.719,-868.616,1249.003,1157.916,-927.620,1257.756,1144.288,-850.928,1047.951,962.719,-811.931,1084.824,968.984,-794.799,1145.122,982.034,-820.129,1211.636,997.279,-859.728,1245.548,992.252,-857.447,1103.795,774.113,-815.922,1126.141,797.193,-797.226,1169.239,821.268,-802.452,1221.972,835.282,-829.059,1263.738,844.374,-788.307,1197.707,652.067,-768.285,1221.567,688.137,-773.040,1270.097,730.320,-798.566,1312.942,745.814,-659.749,1318.040,615.398,-670.440,1340.037,646.340,-686.512,1371.907,662.901,-515.148,1412.712,618.777,-536.708,1430.464,649.694,-576.209,1451.476,659.365
-913.635,894.517,1798.346,-887.872,982.142,1844.123,-900.655,1089.696,1868.311,-966.151,1178.900,1873.585,-1075.178,1227.529,1852.686,-1167.388,1235.985,1818.242,-840.038,1017.377,1641.795,-847.161,1125.160,1692.018,-901.476,1217.011,1686.051,-1002.925,1270.741,1645.380,-811.276,1056.066,1473.401,-799.890,1110.014,1488.075,-811.875,1182.580,1486.028,-837.418,1226.081,1479.771,-898.494,1270.598,1461.046,-949.575,1277.990,1441.173,-808.097,1047.830,1310.988,-786.812,1099.309,1319.768,-793.968,1175.295,1320.352,-820.078,1220.940,1312.891,-869.328,1257.679,1303.869,-923.012,1270.577,1285.490,-817.907,1043.467,1161.419,-787.918,1092.784,1162.000,-785.218,1154.548,1164.849,-805.803,1203.176,1163.205,-867.299,1250.539,1158.761,-926.146,1258.141,1144.431,-841.858,1051.150,962.981,-803.694,1088.825,970.171,-788.802,1149.583,984.016,-816.168,1215.459,998.945,-856.461,1248.235,993.245,-845.511,1107.074,775.330,-804.667,1130.077,799.306,-788.046,1174.140,823.623,-795.488,1226.679,837.220,-823.211,1267.879,845.328,-775.264,1200.136,654.892,-756.899,1224.902,691.221,-764.073,1273.994,732.135,-790.924,1316.681,746.058,-647.797,1319.039,619.098,-659.825,1341.551,649.355,-675.264,1374.089,664.870,-501.915,1409.336,624.461,-523.448,1427.368,654.762,-562.796,1449.756,663.803
-913.460,893.941,1798.074,-887.487,981.511,1843.944,-900.213,1089.011,1868.356,-965.500,1178.355,1873.696,-1074.749,1226.969,1852.705,-1166.879,1235.791,1818.190,-839.346,1016.886,1641.831,-846.831,1124.607,1692.240,-901.177,1216.589,1686.368,-1002.474,1270.370,1645.575,-809.902,1056.336,1473.916,-798.871,1110.411,1488.772,-811.687,1182.863,1487.050,-837.186,1226.316,1480.559,-897.827,1270.962,1461.614,-949.350,1277.684,1441.629,-805.085,1049.273,1311.688,-784.619,1101.113,1320.941,-792.792,1176.876,1321.721,-819.204,1222.212,1314.155,-868.820,1258.524,1304.770,-922.441,1270.571,1286.102,-812.873,1046.093,1161.914,-784.047,1095.936,1163.352,-782.368,1157.662,1166.580,-803.807,1206.017,1164.747,-866.211,1251.972,1159.586,-924.965,1258.448,1144.599,-832.987,1054.705,963.770,-796.252,1093.379,971.957,-782.999,1154.282,986.187,-812.335,1219.355,1000.684,-853.355,1251.067,994.214,-833.787,1110.159,776.632,-794.022,1134.387,801.616,-779.206,1178.978,826.112,-788.491,1231.394,839.044,-817.553,1271.813,846.026,-761.907,1202.010,657.789,-745.761,1227.905,694.285,-755.104,1277.670,733.857,-783.011,1320.221,746.076,-636.488,1319.869,621.880,-648.903,1343.052,651.815,-664.386,1375.868,666.344,-490.156,1406.070,629.402,-511.043,1424.028,659.263,-550.021,1447.853,668.225
-913.265,893.370,1797.758,-887.046,980.884,1843.770,-899.794,1088.450,1868.065,-965.329,1177.673,1873.506,-1074.321,1226.543,1852.756,-1166.441,1235.481,1818.187,-838.610,1016.379,1641.966,-846.467,1124.169,1692.548,-900.852,1216.079,1686.760,-1002.108,1269.981,1645.888,-808.460,1056.733,1474.459,-797.944,1110.839,1489.494,-811.099,1183.253,1487.900,-836.880,1226.523,1481.487,-897.680,1270.941,1462.352,-949.217,1277.292,1442.149,-802.121,1050.836,1312.406,-782.564,1102.893,1322.031,-791.696,1178.577,1323.112,-818.547,1223.638,1315.523,-868.506,1259.233,1305.739,-922.143,1270.544,1286.591,-807.819,1048.859,1162.549,-780.140,1099.226,1164.698,-779.812,1160.930,1168.283,-802.089,1208.817,1166.330,-865.235,1253.551,1160.456,-923.724,1258.762,1144.769,-823.971,1058.383,964.491,-788.386,1097.881,973.865,-777.313,1159.166,988.369,-808.673,1223.365,1002.364,-850.559,1253.808,995.175,-822.097,1113.232,778.293,-783.555,1138.510,804.023,-770.642,1183.868,828.556,-781.520,1235.900,840.877,-812.195,1275.574,846.643,-749.537,1203.836,660.663,-735.123,1230.766,697.172,-746.519,1281.105,735.419,-775.478,1323.351,745.753,-625.199,1320.453,625.046,-638.123,1344.414,652.855,-653.732,1377.338,667.579,-478.183,1402.680,634.202,-499.047,1420.579,663.749,-537.738,1445.707,672.437
-913.163,892.820,1797.478,-886.679,980.281,1843.629,-899.279,1087.861,1868.073,-964.906,1177.058,1873.513,-1073.838,1226.155,1852.874,-1166.037,1235.144,1818.215,-837.975,1015.954,1642.072,-846.086,1123.723,1692.824,-900.559,1215.634,1687.157,-1001.732,1269.668,1646.159,-806.996,1057.139,1474.986,-796.896,1111.345,1490.238,-810.692,1183.678,1488.837,-836.169,1226.995,1482.268,-896.894,1271.250,1463.046,-949.012,1277.017,1442.710,-798.975,1052.487,1313.049,-780.453,1104.781,1323.257,-790.640,1180.350,1324.541,-817.936,1225.067,1316.799,-868.199,1260.112,1306.710,-921.889,1270.476,1287.206,-802.796,1051.828,1163.245,-776.363,1102.739,1166.129,-777.301,1164.424,1170.027,-800.432,1211.820,1167.983,-864.521,1255.030,1161.286,-922.677,1258.971,1144.933,-814.819,1062.173,965.345,-780.754,1102.590,975.755,-771.555,1164.075,990.655,-805.609,1227.028,1003.932,-848.119,1256.278,995.838,-810.866,1116.240,779.972,-773.473,1142.657,806.461,-762.326,1188.593,830.941,-775.041,1240.374,842.442,-806.819,1279.244,847.008,-737.521,1205.461,663.589,-724.754,1233.370,700.001,-738.277,1284.154,736.685,-768.095,1326.281,745.359,-614.075,1320.825,627.682,-627.504,1345.029,655.959,-642.533,1378.864,668.895,-467.655,1399.615,638.795,-487.543,1417.115,667.723,-525.915,1443.429,676.441
-912.992,892.300,1797.299,-886.331,979.660,1843.552,-898.854,1087.307,1868.076,-964.500,1176.472,1873.527,-1073.462,1225.681,1853.006,-1165.616,1234.868,1818.261,-837.218,1015.492,1642.202,-845.729,1123.261,1693.162,-900.287,1215.212,1687.579,-1001.172,1269.361,1646.488,-805.474,1057.589,1475.547,-795.890,1111.871,1490.940,-810.220,1184.202,1489.716,-835.918,1227.344,1483.204,-896.893,1271.254,1463.890,-948.774,1276.803,1443.335,-796.013,1054.246,1313.554,-778.486,1106.808,1324.148,-789.681,1182.148,1325.857,-817.558,1226.491,1318.046,-868.180,1260.763,1307.648,-921.768,1270.409,1287.776,-797.743,1054.985,1163.973,-772.353,1106.410,1167.403,-774.820,1167.953,1171.708,-798.924,1214.941,1169.478,-863.090,1257.055,1162.034,-921.720,1259.095,1145.037,-805.834,1066.083,966.423,-773.200,1107.385,977.618,-767.064,1169.048,992.758,-802.303,1231.022,1005.369,-845.616,1258.895,996.601,-799.776,1119.279,781.853,-763.694,1146.701,808.991,-754.233,1193.146,833.212,-768.897,1244.620,843.819,-801.686,1282.684,847.050,-725.340,1206.680,666.870,-714.544,1235.794,702.889,-729.723,1287.348,738.081,-760.631,1329.004,744.611,-603.456,1321.073,630.374,-616.972,1345.987,657.917,-632.873,1379.686,669.962,-456.725,1396.216,643.051,-476.568,1413.554,671.467,-514.840,1440.833,679.790
-912.814,891.820,1797.112,-885.992,979.085,1843.487,-898.434,1086.760,1868.122,-964.029,1175.902,1873.524,-1073.073,1225.266,1853.138,-1165.245,1234.693,1818.347,-836.511,1015.117,1642.424,-845.290,1122.876,1693.556,-899.901,1214.801,1688.011,-1000.832,1269.085,1646.889,-803.928,1058.131,1476.084,-794.838,1112.469,1491.756,-809.768,1184.637,1490.633,-835.707,1227.708,1484.059,-896.863,1271.270,1464.620,-948.703,1276.552,1444.004,-793.502,1056.086,1314.107,-776.828,1108.771,1325.183,-788.732,1184.012,1327.147,-817.180,1227.991,1319.298,-867.000,1262.425,1308.656,-921.665,1270.294,1288.301,-792.671,1058.311,1164.666,-768.576,1110.081,1168.849,-772.495,1171.553,1173.394,-797.592,1217.879,1170.897,-862.523,1258.670,1162.758,-920.322,1259.900,1145.063,-796.892,1070.027,967.536,-765.933,1112.198,979.404,-761.646,1173.986,994.774,-799.093,1234.904,1006.680,-843.083,1261.384,997.021,-789.200,1122.116,784.024,-754.302,1150.656,811.544,-746.566,1197.595,835.599,-762.966,1248.713,845.105,-796.855,1285.865,847.080,-713.839,1207.911,670.033,-704.615,1238.128,705.810,-721.872,1290.100,739.108,-753.496,1331.433,743.961,-592.808,1321.302,633.413,-607.225,1346.736,660.107,-622.597,1380.983,671.221,-446.361,1392.930,647.141,-466.116,1409.969,675.572,-504.111,1438.223,684.173
-912.709,891.417,1796.976,-885.664,978.635,1843.416,-898.043,1086.244,1868.183,-963.700,1175.405,1873.628,-1072.543,1225.028,1853.269,-1164.660,1234.581,1818.486,-835.775,1014.804,1642.637,-844.964,1122.565,1693.891,-899.600,1214.417,1688.459,-1000.487,1268.842,1647.293,-802.312,1058.685,1476.676,-793.831,1113.125,1492.426,-809.346,1185.153,1491.482,-835.546,1228.078,1484.918,-896.898,1271.257,1465.360,-948.571,1276.342,1444.581,-790.514,1057.925,1314.605,-775.046,1110.834,1326.084,-787.931,1185.893,1328.554,-816.752,1229.475,1320.477,-866.994,1263.119,1309.526,-921.641,1270.100,1288.759,-787.605,1061.544,1165.450,-764.775,1113.845,1170.258,-770.062,1175.152,1175.105,-796.160,1220.865,1172.327,-861.873,1260.117,1163.342,-919.235,1260.017,1145.111,-788.274,1073.976,968.748,-758.649,1116.898,981.093,-756.649,1178.734,996.771,-795.992,1238.579,1007.875,-840.667,1263.756,997.466,-778.908,1124.859,786.011,-745.382,1154.432,814.028,-739.264,1201.773,837.812,-757.180,1252.580,846.357,-792.139,1288.871,846.985,-703.279,1209.395,673.114,-694.967,1240.370,708.823,-714.064,1292.889,740.415,-746.360,1333.838,743.238,-582.183,1321.522,636.818,-597.260,1347.917,662.266,-613.344,1382.090,672.163,-436.248,1389.814,651.199,-456.144,1406.647,679.964,-493.778,1435.874,689.102
-912.551,890.973,1796.866,-885.321,978.147,1843.390,-897.623,1085.792,1868.229,-963.270,1174.878,1873.657,-1072.110,1224.763,1853.416,-1164.310,1234.354,1818.623,-835.071,1014.455,1642.872,-844.633,1122.238,1694.254,-899.358,1214.130,1688.866,-1000.015,1268.585,1647.649,-800.769,1059.288,1477.198,-792.926,1113.757,1493.152,-808.993,1185.745,1492.292,-835.358,1228.453,1485.742,-897.036,1271.234,1466.059,-948.521,1276.122,1445.181,-787.670,1059.699,1315.181,-772.668,1113.154,1327.471,-785.357,1188.930,1330.557,-816.472,1230.966,1321.686,-866.970,1263.825,1310.270,-921.616,1269.807,1289.200,-782.601,1064.835,1166.245,-761.354,1117.320,1171.795,-767.447,1178.773,1176.643,-794.741,1223.791,1173.681,-861.121,1261.414,1163.920,-918.139,1259.829,1145.148,-779.961,1077.782,969.967,-751.710,1121.473,982.796,-751.787,1183.247,998.547,-793.030,1241.997,1009.004,-838.225,1265.888,997.931,-769.075,1127.367,788.262,-736.853,1158.100,816.581,-732.399,1205.871,839.842,-751.781,1256.180,847.529,-787.591,1291.597,846.784,-692.660,1210.661,676.599,-685.631,1242.513,711.892,-706.496,1295.508,741.564,-739.412,1335.962,742.508,-571.974,1321.905,640.275,-587.638,1349.213,664.341,-603.356,1383.819,673.384,-426.513,1386.956,655.358,-446.685,1403.794,684.483,-483.888,1434.062,694.090
-912.363,890.618,1796.774,-885.036,977.715,1843.405,-897.266,1085.396,1868.329,-962.908,1174.436,1873.741,-1071.679,1224.431,1853.548,-1163.804,1234.223,1818.801,-834.329,1014.199,1643.092,-844.224,1121.950,1694.551,-899.089,1213.859,1689.274,-999.675,1268.375,1647.954,-799.228,1059.882,1477.781,-791.978,1114.408,1493.871,-808.583,1186.270,1493.121,-835.319,1228.818,1486.497,-897.148,1271.219,1466.734,-948.571,1275.750,1445.661,-785.165,1061.478,1315.980,-770.893,1115.072,1328.615,-784.623,1190.642,1331.715,-816.128,1232.357,1322.828,-866.958,1264.417,1311.144,-921.484,1269.482,1289.559,-777.594,1067.963,1167.141,-757.725,1120.773,1173.294,-765.234,1181.921,1178.276,-792.826,1226.578,1174.933,-859.873,1263.371,1164.822,-918.993,1256.839,1145.031,-771.935,1081.459,971.267,-745.258,1125.825,984.605,-747.245,1187.556,1000.299,-789.700,1245.509,1009.981,-835.015,1268.375,998.467,-759.709,1129.856,790.491,-728.699,1161.480,819.153,-725.717,1209.567,841.932,-746.217,1259.682,848.468,-783.106,1294.063,846.551,-682.373,1211.908,680.206,-676.527,1244.582,715.037,-699.192,1297.979,742.778,-732.523,1337.960,741.718,-561.970,1322.347,644.084,-578.354,1350.460,666.731,-594.365,1385.296,674.399,-417.081,1384.323,659.749,-437.711,1401.656,689.039,-474.491,1433.063,698.651
-912.163,890.316,1796.749,-884.730,977.350,1843.422,-896.948,1085.013,1868.375,-962.546,1174.107,1873.805,-1071.303,1224.122,1853.745,-1163.417,1234.006,1818.898,-833.649,1013.974,1643.359,-843.894,1121.768,1694.905,-898.814,1213.622,1689.667,-999.374,1268.232,1648.349,-797.729,1060.505,1478.405,-791.082,1115.105,1494.639,-808.225,1186.789,1493.966,-835.661,1229.070,1487.370,-897.906,1270.885,1467.354,-948.666,1275.349,1446.139,-782.302,1063.323,1316.557,-769.053,1116.985,1329.904,-783.936,1192.159,1332.822,-815.624,1233.649,1324.007,-866.815,1264.953,1311.916,-921.096,1269.214,1289.922,-772.684,1070.852,1168.162,-753.893,1124.026,1174.813,-762.937,1185.000,1179.909,-791.309,1229.076,1176.266,-858.635,1264.578,1165.520,-917.576,1256.498,1145.054,-764.479,1084.936,972.629,-739.092,1129.810,986.385,-742.858,1191.471,1002.057,-787.256,1248.104,1011.145,-833.461,1269.443,998.874,-750.761,1132.112,792.871,-721.023,1164.595,821.664,-719.332,1213.042,843.952,-741.152,1262.755,849.522,-778.733,1296.295,846.305,-672.455,1212.996,683.866,-667.798,1246.577,718.255,-692.062,1300.261,743.864,-725.876,1339.685,740.896,-552.562,1322.969,648.022,-569.811,1351.587,669.392,-585.849,1386.782,675.970,-408.482,1382.110,664.451,-429.344,1400.378,693.364,-465.636,1433.151,702.296
-911.947,890.039,1796.727,-884.335,976.983,1843.475,-896.638,1084.604,1868.450,-962.175,1173.792,1873.941,-1070.903,1223.954,1853.912,-1163.038,1233.841,1819.055,-832.989,1013.831,1643.623,-843.654,1121.639,1695.256,-898.644,1213.445,1690.020,-999.090,1268.066,1648.628,-796.334,1061.144,1479.067,-790.165,1115.726,1495.444,-807.803,1187.368,1494.823,-835.429,1229.488,1488.139,-898.061,1270.835,1467.963,-948.727,1275.029,1446.579,-779.475,1065.274,1317.859,-766.703,1118.856,1331.258,-783.113,1193.555,1333.994,-814.966,1234.814,1325.213,-866.458,1265.419,1312.660,-920.703,1268.800,1290.253,-767.792,1073.559,1169.294,-750.195,1127.029,1176.422,-760.413,1187.705,1181.512,-789.660,1231.224,1177.584,-857.145,1265.719,1166.256,-916.080,1255.940,1145.105,-757.396,1088.180,974.011,-733.361,1133.471,988.191,-738.649,1194.989,1003.749,-784.037,1250.995,1012.078,-829.887,1271.745,999.437,-742.205,1134.169,795.192,-713.588,1167.493,824.207,-713.228,1216.284,845.903,-736.130,1265.540,850.612,-774.465,1298.231,846.035,-662.819,1213.972,687.556,-659.580,1248.362,720.985,-685.124,1302.472,744.901,-719.217,1341.337,740.177,-543.366,1323.567,652.304,-561.047,1352.933,671.968,-577.003,1388.409,677.388,-400.189,1380.456,669.083,-421.521,1400.377,697.181,-457.371,1434.602,704.538
-911.639,889.718,1796.723,-884.021,976.735,1843.534,-896.305,1084.348,1868.549,-961.768,1173.455,1874.072,-1070.367,1223.822,1854.109,-1162.566,1233.708,1819.161,-832.222,1013.698,1643.927,-843.528,1121.575,1695.778,-898.498,1213.319,1690.439,-998.767,1267.918,1648.971,-794.898,1061.734,1479.768,-789.191,1116.386,1496.282,-807.834,1187.658,1495.816,-835.236,1229.853,1488.927,-898.077,1270.801,1468.493,-948.670,1274.730,1446.970,-776.642,1066.742,1318.525,-764.412,1120.579,1332.733,-782.129,1194.761,1335.243,-814.110,1235.812,1326.394,-865.744,1265.827,1313.421,-919.909,1268.544,1290.536,-763.105,1076.010,1170.457,-746.501,1129.692,1178.010,-757.947,1190.091,1183.097,-787.825,1233.072,1178.947,-855.546,1266.486,1167.048,-914.276,1255.383,1145.231,-750.668,1091.059,975.348,-727.976,1136.731,989.935,-734.591,1198.201,1005.449,-781.195,1253.255,1013.168,-827.096,1273.097,999.990,-734.105,1136.078,797.494,-706.504,1170.228,826.737,-707.527,1219.085,847.928,-731.257,1268.043,851.637,-770.048,1300.033,845.866,-653.468,1214.866,691.243,-651.458,1250.134,724.433,-678.388,1304.377,746.034,-712.606,1342.700,739.475,-534.357,1324.312,656.162,-552.575,1354.265,674.498,-568.638,1389.631,677.738,-392.016,1379.190,673.979,-414.324,1401.955,700.533,-449.744,1437.693,704.890
-911.401,889.440,1796.740,-883.632,976.497,1843.634,-895.997,1084.098,1868.699,-961.362,1173.208,1874.232,-1069.970,1223.695,1854.323,-1162.054,1233.667,1819.285,-831.516,1013.577,1644.251,-843.209,1121.553,1696.181,-898.326,1213.198,1690.829,-998.535,1267.783,1649.279,-793.391,1062.232,1480.527,-788.171,1116.956,1497.184,-807.345,1188.089,1496.708,-835.003,1230.143,1489.754,-898.032,1270.702,1469.058,-948.458,1274.392,1447.320,-774.338,1068.542,1319.870,-760.142,1123.175,1334.592,-780.863,1195.920,1336.594,-813.033,1236.706,1327.582,-864.978,1266.139,1314.159,-919.011,1268.090,1290.940,-758.510,1078.035,1171.656,-742.901,1131.958,1179.756,-755.308,1192.168,1184.683,-786.068,1234.497,1180.336,-853.877,1266.978,1167.886,-912.244,1254.918,1145.301,-744.368,1093.731,976.644,-722.836,1139.622,991.713,-730.748,1200.913,1007.064,-778.327,1255.163,1014.290,-824.440,1274.110,1000.561,-726.398,1137.798,799.790,-699.746,1172.525,829.182,-701.898,1221.695,849.895,-726.575,1270.247,852.664,-765.721,1301.541,845.711,-644.496,1215.675,694.964,-643.661,1251.791,727.447,-671.775,1306.105,747.363,-706.048,1343.871,738.941,-525.347,1324.994,660.412,-544.144,1355.621,677.017,-560.533,1391.046,678.732,-383.975,1378.233,679.154,-407.662,1403.809,704.740,-442.565,1440.806,706.848
-911.071,889.186,1796.830,-883.153,976.286,1843.746,-895.595,1083.872,1868.843,-960.986,1172.995,1874.371,-1069.558,1223.545,1854.532,-1161.628,1233.617,1819.439,-830.745,1013.514,1644.560,-842.769,1121.504,1696.607,-898.144,1213.095,1691.162,-998.296,1267.647,1649.585,-791.912,1062.701,1481.295,-787.085,1117.462,1498.089,-806.590,1188.547,1497.615,-834.554,1230.454,1490.496,-897.781,1270.583,1469.610,-948.174,1273.975,1447.599,-771.141,1069.939,1322.945,-758.644,1123.876,1335.899,-779.386,1196.899,1337.969,-811.857,1237.426,1328.778,-863.896,1266.319,1315.030,-917.878,1267.740,1291.361,-754.080,1079.904,1172.861,-739.316,1133.950,1181.281,-752.584,1193.922,1186.233,-784.416,1235.450,1181.834,-854.260,1264.581,1167.994,-910.018,1254.500,1145.526,-738.566,1096.004,977.891,-718.014,1142.063,993.345,-727.260,1203.099,1008.788,-775.160,1256.905,1015.340,-821.665,1274.875,1001.227,-718.926,1139.451,802.142,-693.318,1174.694,831.650,-696.489,1224.054,851.908,-721.897,1272.282,853.788,-761.410,1302.840,845.621,-635.898,1216.469,698.802,-636.057,1253.275,730.422,-665.132,1307.740,748.593,-699.568,1344.951,738.500,-516.941,1325.591,664.896,-535.823,1356.934,679.551,-552.222,1392.060,679.793,-376.209,1377.778,684.153,-400.164,1405.303,707.511,-434.583,1443.339,706.526
-910.647,888.947,1796.884,-882.707,976.052,1843.896,-895.232,1083.629,1869.003,-960.647,1172.754,1874.498,-1069.176,1223.366,1854.653,-1161.151,1233.553,1819.590,-829.954,1013.442,1644.951,-842.306,1121.478,1697.045,-897.916,1212.954,1691.532,-997.993,1267.534,1649.800,-790.377,1063.075,1482.071,-785.861,1117.887,1498.987,-805.880,1188.882,1498.525,-833.966,1230.743,1491.380,-897.365,1270.468,1470.167,-947.573,1273.735,1447.974,-768.373,1070.787,1323.961,-757.262,1124.398,1337.076,-777.749,1197.698,1339.337,-810.506,1237.976,1329.950,-862.565,1266.611,1315.777,-916.391,1267.614,1291.735,-749.761,1081.338,1174.016,-735.858,1135.515,1182.808,-749.899,1195.323,1187.748,-782.224,1236.388,1183.139,-852.110,1264.866,1168.784,-907.616,1253.850,1145.800,-733.036,1097.934,979.153,-713.306,1144.098,995.000,-723.548,1204.973,1010.392,-772.268,1258.189,1016.499,-818.809,1275.441,1001.881,-711.684,1140.842,804.393,-687.019,1176.629,834.082,-691.144,1226.057,853.926,-717.245,1274.015,854.988,-756.974,1303.914,845.706,-627.379,1217.248,702.676,-628.601,1254.651,733.533,-658.598,1309.253,749.917,-692.926,1345.965,738.283,-508.489,1326.489,668.895,-527.801,1358.213,682.400,-543.996,1393.220,681.246,-368.697,1377.735,689.013,-393.045,1405.943,712.082,-427.121,1444.806,710.604
-910.275,888.763,1796.983,-882.206,975.882,1844.012,-894.748,1083.442,1869.158,-960.283,1172.484,1874.617,-1068.787,1223.089,1854.846,-1160.665,1233.413,1819.705,-829.143,1013.369,1645.350,-841.709,1121.462,1697.492,-897.557,1212.785,1691.932,-997.626,1267.311,1650.067,-788.783,1063.368,1482.941,-784.637,1118.130,1499.901,-804.873,1189.142,1499.460,-833.254,1230.803,1492.195,-896.769,1270.318,1470.824,-946.866,1273.482,1448.377,-764.366,1071.759,1325.189,-755.270,1124.955,1338.409,-775.989,1198.348,1340.678,-808.989,1238.376,1331.107,-861.129,1266.668,1316.665,-914.641,1267.446,1292.230,-745.633,1082.454,1175.149,-732.570,1136.738,1184.237,-747.234,1196.347,1189.208,-779.861,1237.157,1184.413,-849.915,1264.833,1169.449,-903.931,1254.919,1145.784,-727.877,1099.510,980.355,-709.082,1145.783,996.570,-720.025,1206.507,1012.082,-769.267,1259.178,1017.740,-816.039,1275.804,1002.705,-704.743,1142.163,806.676,-680.838,1178.417,836.444,-685.883,1227.973,856.012,-712.575,1275.585,856.265,-752.483,1305.010,845.962,-619.164,1218.005,706.553,-621.247,1255.974,736.635,-652.075,1310.640,751.357,-686.331,1346.856,738.192,-500.332,1327.395,672.878,-519.606,1359.483,684.808,-535.578,1394.507,682.107,-361.024,1378.011,693.569,-385.266,1407.603,715.345,-418.998,1446.517,711.889
-909.875,888.550,1797.122,-881.591,975.680,1844.165,-894.144,1083.247,1869.332,-959.815,1172.166,1874.755,-1068.354,1222.828,1854.943,-1160.191,1233.222,1819.819,-828.212,1013.192,1645.768,-841.083,1121.301,1698.002,-897.120,1212.596,1692.338,-997.194,1267.053,1650.326,-787.119,1063.502,1483.741,-783.239,1118.361,1500.861,-803.761,1189.256,1500.436,-832.337,1230.858,1493.055,-895.867,1270.091,1471.342,-945.846,1273.279,1448.801,-762.303,1071.978,1326.182,-753.334,1125.391,1339.375,-774.083,1198.808,1341.955,-807.179,1238.690,1332.243,-859.303,1266.770,1317.500,-912.794,1267.252,1292.722,-741.731,1083.361,1176.178,-729.372,1137.676,1185.570,-744.639,1197.076,1190.586,-777.379,1237.675,1185.666,-847.512,1264.845,1170.241,-901.273,1254.567,1146.057,-723.108,1100.758,981.511,-704.861,1147.067,998.182,-716.429,1207.695,1013.621,-766.348,1259.852,1018.996,-813.129,1276.056,1003.535,-697.371,1143.213,808.924,-674.796,1179.895,839.025,-680.786,1229.575,858.009,-707.881,1276.951,857.571,-747.788,1305.876,846.262,-611.138,1218.791,710.467,-613.989,1257.278,739.843,-645.514,1312.024,752.869,-679.744,1347.639,738.266,-492.755,1328.029,676.625,-511.517,1361.028,687.413,-526.618,1396.322,683.495,-353.488,1378.801,697.688,-377.195,1409.416,717.919,-409.276,1446.439,713.529
