234.370068181188,1.10000000001069,0.453508060900225,0.0576082696515143,-0.873416870159258,-1116.05981020527,1045.07106626704,1782.86042699656,166.610967494328,1.2866917828731,0.672563261472342,0.0555184078079053,-0.872445033252013,-995.511354438831,1158.93644891687,1611.58083458282,145.909044070133,1.09648934406692,0.232279358660639,0.0141965456656821,-0.794835247811211,-997.592734840125,1182.18027387848,1442.26506192169,137.552795944196,1.10000000000381,0.0285391507730072,0.0606074051014657,-0.849167732497997,-1017.17640591767,1183.84112653789,1294.18310019715,132.529093265365,1.10000000000902,-0.294644889023496,0.0954571746082332,-0.874033780119478,-1062.68148465748,1174.2903103315,1169.02337828234,110.943952342268,1.10000000014625,-0.624424453637403,-0.0813311539832854,-1.22226903277626,-1140.63133829453,1147.75657364196,1020.92149686324,96.4067057469405,1.20000000008878,-0.82993122103297,-0.229892751403428,-1.30985816246202,-1259.11761674124,1099.35799891087,904.352184236138,90.3520828587647,1.19959317347552,-1.17241000586182,0.0265645338343135,-1.34921586681486,-1385.24061523048,1064.42893198909,851.569776404971,42.5710586861338,2.00211297576804,-1.29043810900931,0.15408712373407,-1.41829406581726,-1566.47782515268,1035.74169749735,779.840128396283,41.9919371265069,2.00345678678917,-2.856629507612,-0.465081599787471,-1.61846870550683,-1705.18327684644,1029.82464828451,887.207694043122
234.366540015945,1.10000000000933,0.454721744467118,0.0567568052497616,-0.873900897089756,-1115.44458982697,1045.03463624822,1783.11802000895,166.772861570645,1.28154261860624,0.675411115864282,0.0532250637494586,-0.872487297969796,-995.097196531271,1158.32030067328,1611.33988568294,145.740709515725,1.10274092901443,0.236177241730198,0.00956994317026432,-0.795417396481577,-995.31381396559,1182.59027337661,1442.77926323787,137.593840201267,1.1000000000046,0.0311870158743859,0.0539474354409798,-0.849726367910884,-1014.46612337301,1183.52045816001,1294.49543791873,132.558521919211,1.10000000000877,-0.289798841333663,0.0862948702552226,-0.875098562140204,-1059.05660114284,1173.80498486583,1169.14324607727,110.958140021313,1.10000000012532,-0.607566800887139,-0.089446703773683,-1.22586716311048,-1134.80995968323,1147.14110040741,1020.31538312526,96.4837395631389,1.20000000027501,-0.802955375336777,-0.234352753321142,-1.32173972716729,-1250.14179487227,1099.0970052832,901.551955994429,90.1521281901603,1.19987829282998,-1.12942143795689,0.024026599983428,-1.36341120879348,-1374.70253946533,1065.65563165085,843.504000804765,42.6516400158245,1.99314356680007,-1.24402245454763,0.147922806369582,-1.451672265148,-1553.99025372472,1042.33393391866,763.55002681655,41.8930405267305,1.99641974718253,-2.80433027826114,-0.465738191360843,-1.67346845091183,-1699.12534927651,1041.98506623522,863.795669734751
234.36083009569,1.10000000000802,0.455921891423122,0.0559071941658819,-0.874385998966981,-1114.82494657878,1044.98002500933,1783.3621192172,166.92753741292,1.27653415912977,0.678237108018776,0.0509371417327419,-0.872525212592223,-994.599179822543,1157.72504950397,1611.16409643848,145.583828178802,1.1089014812677,0.240030349946311,0.00495664154824433,-0.795995963225723,-993.092742740366,1182.88864424293,1443.26121790493,137.637003443159,1.10000000000546,0.0338330060155049,0.0473134642998292,-0.850265228828332,-1011.80620418678,1183.12542836132,1294.78642773368,132.588240627991,1.10000000000855,-0.284976067679772,0.0771369971628442,-0.876185802549153,-1055.47296491301,1173.22428655644,1169.26049273497,110.973487544164,1.10000000010579,-0.590810820298395,-0.0974621029694184,-1.22966744607361,-1129.04304699335,1146.47047594191,1019.74210346015,96.559872063123,1.20000000042769,-0.775591911354943,-0.238697802001051,-1.33387997989481,-1241.22851673789,1098.88606660965,898.769904558567,89.967498758844,1.20017887164809,-1.08616674507509,0.0216641603985171,-1.37780919645203,-1364.11450572094,1067.06439954401,835.701097496261,42.7345549768216,1.98417883454138,-1.19590506039079,0.142013171469499,-1.48523352057848,-1540.77703164909,1049.19100458549,747.687553932757,41.8861192240978,1.98807975476348,-2.75138853595367,-0.465681046301793,-1.73092398414943,-1691.313387159,1054.8531496876,840.553665458375
234.354427289386,1.1000000000067,0.45710942697219,0.0550606630493351,-0.874877325817053,-1114.20088046069,1044.90723255035,1783.5927246213,167.072045210681,1.27170278999651,0.681046389236799,0.0486554946091629,-0.872562743551104,-994.017304312647,1157.15069540895,1611.05346684942,145.440926539011,1.11502974265078,0.243841176552842,0.000354383196472225,-0.796572145171681,-990.929521164452,1183.07538647746,1443.71092592286,137.682265178525,1.10000000000653,0.036464866074109,0.0406984176276697,-0.850789927814767,-1009.196648359,1182.65603714184,1295.05606964202,132.61799324504,1.10000000000827,-0.280171700018565,0.0679825680392418,-0.877299031853772,-1051.930575968,1172.54821540331,1169.37511825545,110.988458842372,1.10000000008753,-0.574104492179318,-0.10540583435313,-1.23358496206829,-1123.33060022491,1145.74470024547,1019.20165786791,96.6365205130433,1.20000000055232,-0.747969078073144,-0.242931068867592,-1.34621846632181,-1232.37778233808,1098.72518289024,896.006029928552,89.7849834692463,1.20049345063508,-1.04279201276787,0.0194238223459007,-1.39237371977161,-1353.47651399733,1068.65523566855,828.161066479457,42.8178164026465,1.9752468006276,-1.14649915383281,0.136261570130719,-1.51891392008567,-1526.83815892578,1056.31290949782,732.252709744904,41.9559119838905,1.97800117220048,-2.69304598580887,-0.462272554972553,-1.80667291881516,-1681.74739049391,1068.42889864165,817.481681213996
234.340036734122,1.10000000000558,0.458290168385032,0.0542138846782281,-0.875374445947126,-1113.5723914727,1044.81625887129,1783.80983622125,167.220731960062,1.26685628755918,0.683844420061599,0.0463775994077466,-0.872604038262235,-993.351570001582,1156.59723838821,1611.00799691578,145.301890471221,1.12082188176081,0.247627886358382,-0.00423843975048371,-0.797149497055207,-988.824149237848,1183.15050008018,1444.12838729167,137.729936078758,1.10000000000727,0.0390946237843879,0.0340982472440205,-0.851300350461245,-1006.63745588964,1182.11228450155,1295.30436364373,132.648778533254,1.10000000000831,-0.27536704358254,0.0588291392713571,-0.878419648845645,-1048.42943430781,1171.77677140646,1169.48712263869,111.010491914755,1.10000000007076,-0.557382133196234,-0.113338816303249,-1.23751982047666,-1117.67261937789,1144.96377331809,1018.69404634855,96.7080443024647,1.20000000062292,-0.720246051484112,-0.247045955253174,-1.35858909851982,-1223.58959167285,1098.61435412495,893.260332104384,89.659138830069,1.20082375578398,-0.999373287619229,0.0172447624946542,-1.40703315154559,-1342.78856429448,1070.42814002448,820.883907754354,42.9109230679632,1.96613648822829,-1.0960308950402,0.130322468660437,-1.55318755342346,-1512.17363555481,1063.69964865567,717.245494252992,42.1896727768265,1.96720172763652,-2.63882237036649,-0.451176825179124,-1.86898345139035,-1670.42735928122,1082.71231309737,794.579717001611
234.31119983493,1.10000000000491,0.459349528890978,0.0533792833162322,-0.875935121236048,-1112.93947961482,1044.70710397216,1784.01345401706,167.374978149735,1.26203488879434,0.686385906344421,0.044157831477082,-0.872652727090173,-992.601976889349,1156.06467844177,1611.02768663754,145.173506857437,1.1262072718686,0.251003349654386,-0.00869781386818783,-0.797730875544347,-986.776626960553,1183.11398505111,1444.51360201134,137.779673124767,1.10000000000733,0.0415629658299227,0.0276746133404744,-0.851803264269211,-1004.12862677873,1181.49417044046,1295.53130973882,132.682312393457,1.10000000000887,-0.270540589410256,0.0497503102222168,-0.879788839279053,-1044.96953993244,1170.90995456587,1169.59650588471,111.048393656168,1.10000000005151,-0.541311253478035,-0.120553984243962,-1.24277255693754,-1112.06910445229,1144.12769515977,1018.21926890206,96.7565045159513,1.20000000061731,-0.691683396635544,-0.250171309641215,-1.3728920940593,-1214.8639447422,1098.55358031379,890.532811086063,89.6390757840696,1.20124371964806,-0.958467409105575,0.0165790042171491,-1.42356465582311,-1332.05065661239,1072.38311261179,813.869621320951,43.0190436269659,1.95718976817675,-1.0438768686889,0.127073970588193,-1.59129789533754,-1496.78346153617,1071.35122205903,702.665907457019,42.419071984934,1.95751432222802,-2.58648781725405,-0.433767603021528,-1.9315867504524,-1657.35329352096,1097.70339305477,771.847772821223
234.270171500329,1.10000000000451,0.460329315822166,0.0525659834196025,-0.87656514907891,-1112.30214488704,1044.57976785294,1784.20357800872,167.50888756045,1.25771174082227,0.688775438710664,0.0419881832846582,-0.872732687071427,-991.768524975948,1155.55301556961,1611.11253601472,145.098048988444,1.13058019857924,0.254091049325005,-0.0130701620215733,-0.798361996517436,-984.786954332568,1182.96584139023,1444.86657008189,137.835946028573,1.10000000000727,0.0438763338925932,0.0213291507773619,-0.852645570562817,-1001.67016102625,1180.80169495856,1295.73690792729,132.720113683948,1.10000000000969,-0.26570047631048,0.0407413017547346,-0.881421394876974,-1041.55089284189,1169.94776488156,1169.70326799349,111.100371549819,1.10000000003526,-0.525692611887543,-0.127155548528296,-1.24896702410386,-1106.52005544812,1143.2364657705,1017.77732552845,96.7746422368613,1.20000000050256,-0.662558979117454,-0.252364429023343,-1.38921967059082,-1206.20084154612,1098.54286145676,887.823466873589,89.7788510369129,1.20173921569388,-0.921126066155833,0.017060574132688,-1.44172728628732,-1321.26279095108,1074.5201534305,807.118207179249,43.1432637738964,1.94900381792699,-0.99093615211236,0.127154577642407,-1.63137681125644,-1480.66763686986,1079.2676297079,688.513949356987,42.5610065617501,1.94944669361149,-2.53175533254404,-0.416177090113184,-1.99757687888035,-1642.52519321311,1113.40213851383,749.285848672829
234.230816683765,1.10000000000382,0.461250450320634,0.0517716983115342,-0.87725926717658,-1111.66038728937,1044.43425051365,1784.38020819624,167.59793400623,1.25430646499971,0.691021670796137,0.0398736137027937,-0.872882842635669,-990.851214261378,1155.06224977174,1611.26254504731,145.060943640202,1.13343151928303,0.256908046035313,-0.0173732959358414,-0.79909993859395,-982.855131353893,1182.70606909755,1445.1872915033,137.901626405801,1.10000000000801,0.0460922106194368,0.0149979632392841,-0.854298327898671,-999.262058632199,1180.03485805587,1295.92115820914,132.762219851207,1.1000000000099,-0.260790461954129,0.031788090272449,-0.883347472050636,-1038.17349303616,1168.89020235352,1169.80740896505,111.153439138583,1.10000000002907,-0.510194054748554,-0.133205015440653,-1.25577753389973,-1101.02547236538,1142.29008515029,1017.3682162277,96.7810804987071,1.2000000003023,-0.633286644975457,-0.253438717615634,-1.40734368228547,-1197.60028208462,1098.58219755386,885.132299466963,90.0870600539839,1.20211271993579,-0.88773741948526,0.0185447178787963,-1.4615326280416,-1310.42496731053,1076.83926248059,800.629665329247,43.2686066269444,1.94219971418964,-0.937326513866391,0.131173452575557,-1.67435890175636,-1463.82616155588,1087.44887160228,674.789619952895,42.6527371380298,1.93867819833751,-2.47585749489244,-0.396208198330571,-2.07187848485046,-1625.94305835767,1129.80854947456,726.893944556431
234.19895191,1.10000000000288,0.4621698954451,0.0509904946130034,-0.877991860883004,-1110.97457436117,1044.29717436528,1784.55642189513,167.640085487731,1.25183448244118,0.69309094033574,0.0378055217640816,-0.873132883588802,-989.744531586756,1154.66406425016,1611.59178230696,144.992674720453,1.13497454149925,0.259482423901154,-0.0216262140778419,-0.800065150517899,-980.858726220405,1182.45736995849,1445.54442069473,137.971537691579,1.10000000000937,0.0481759661563445,0.00863655814737601,-0.856913683599554,-996.919407405271,1179.18696981206,1296.06549954341,132.808696966879,1.10000000000958,-0.255812052143283,0.0229300609428484,-0.885607095406372,-1034.84538648598,1167.71654268322,1169.90984927784,111.202985446624,1.1000000000322,-0.49472018376878,-0.13879112330708,-1.26309236063125,-1095.48138332684,1141.32422113424,1017.02674293458,96.7893538932938,1.20000000011094,-0.604205800072775,-0.253381069064317,-1.42669229645446,-1188.89428309297,1098.56050989541,882.392690082183,90.5092862106884,1.20216823736931,-0.857874507634636,0.0209632866429622,-1.48297638556083,-1299.41842139173,1079.25762109773,794.582935134258,43.3821943199013,1.93699645977164,-0.883048133351551,0.138992993577064,-1.72006745076431,-1446.07255309937,1096.10049242457,661.078121014344,42.7834829106373,1.92593691019312,-2.42398627944339,-0.370319068528267,-2.14426832811187,-1607.85980600636,1147.89752227333,703.994369558306
234.176130486015,1.10000000000217,0.463056803693938,0.0502230821151216,-0.878756951261117,-1110.30363522263,1044.12941470018,1784.72388456863,167.630570764082,1.25040834936963,0.694975788955463,0.0357888245366351,-0.873506917882944,-988.648145787374,1154.21465361989,1611.87783520962,144.855836884265,1.13612069408259,0.261921020346627,-0.0258206453199522,-0.801357775775754,-978.999452143717,1182.02218728492,1445.84630444346,138.030657240259,1.10000000001056,0.050120955920876,0.00223744623906416,-0.860362665577376,-994.763413165204,1178.15434085597,1296.18442072893,132.858029409,1.100000000009,-0.250838472397868,0.0142192188063389,-0.888278986951706,-1031.57690447901,1166.44575581628,1170.03137471201,111.249627197588,1.100000000035,-0.47936279202503,-0.143941981589654,-1.27102295691984,-1089.98888529577,1140.31972336072,1016.75254051053,96.7932281866894,1.20000000002032,-0.575411806846166,-0.252208950481419,-1.44720794071481,-1180.40890929319,1098.6074794826,879.676140809877,90.9305361243994,1.20197573757096,-0.830178423508843,0.0244015527162944,-1.50596000340211,-1288.29174622215,1081.88414846122,788.729980203075,43.482865071936,1.93310974972712,-0.82852005865028,0.150647584394067,-1.76819364818314,-1427.33989820364,1104.92664098149,647.868791726698,42.8115732568217,1.92317095543036,-2.37630561608683,-0.334967827524991,-2.22275312419118,-1587.67348276779,1165.89994937742,681.457320610742
234.161529478128,1.10000000000201,0.463816431823597,0.049469416128364,-0.879565962346806,-1109.63436206904,1043.93844986026,1784.86900298008,167.537253563573,1.2506189005649,0.696757952299564,0.0338339681528893,-0.874039051378154,-987.335945743016,1153.89960190647,1612.37487718586,144.708825287669,1.13650412904194,0.264289744967199,-0.0299443779984724,-0.803047337704284,-977.391939891283,1181.28441775253,1446.03132470907,138.073772018669,1.10000000001197,0.0520474988710792,-0.00411742638691536,-0.864543453842325,-992.432821322235,1177.2413888003,1296.3378829671,132.905975958222,1.1000000000079,-0.2458829255848,0.00566987225474132,-0.891336529044871,-1028.34180919774,1165.08934686449,1170.14292877515,111.295112851482,1.10000000003271,-0.464189285721197,-0.148645071341292,-1.27963777137167,-1084.62271849776,1139.188212895,1016.4626746126,96.7697714580974,1.2000000000165,-0.547199059565686,-0.249907185118917,-1.46891950904422,-1171.96485668606,1098.78397443249,877.108943279745,91.3032255511688,1.20187324051512,-0.803376101084206,0.0289547688401728,-1.53034250085779,-1277.32802250628,1084.73013918751,783.173478010931,43.5900070268969,1.92903303090104,-0.774341278025872,0.166293496919138,-1.81816114770905,-1408.24534250494,1114.02343502942,635.281034586942,42.7039547018644,1.93355150804444,-2.33109963438412,-0.292319193922983,-2.30438400175913,-1565.74179422735,1184.81999083856,659.288306863667
234.153788395244,1.10000000000228,0.464454143045581,0.0487309667237436,-0.880428045843449,-1108.98307214814,1043.70871969813,1784.98614903354,167.372925856979,1.25222285766238,0.698454690963779,0.0319397686213634,-0.874778141876356,-986.355752151991,1153.28057986228,1612.50175533325,144.636210298908,1.1350332818025,0.266607366521323,-0.0339849462472908,-0.805198537681005,-975.994715966516,1180.2854390375,1446.09375848108,138.102809255746,1.10000000001432,0.0540484168064805,-0.0103591932753519,-0.869343320687966,-990.106199591276,1176.25446908037,1296.47881138062,132.948107134867,1.10000000000582,-0.240977270801861,-0.00268255251025126,-0.894799453877732,-1025.1173305722,1163.66261156607,1170.23631940224,111.339069818558,1.10000000002554,-0.449320748177843,-0.152879265892599,-1.28909657967372,-1079.37514136595,1137.97631279309,1016.19642096746,96.7354810147507,1.20000000002258,-0.519358923208813,-0.246550174211379,-1.49213907059291,-1163.67331358414,1099.08148957711,874.60433033268,91.6496059760675,1.20234945204977,-0.776225358753427,0.0346813298975076,-1.55607423255581,-1266.20331609801,1087.77843897632,777.630757974982,43.7087578676305,1.92461124980449,-0.721090048773775,0.185990266892944,-1.86896330389624,-1388.50445012635,1123.23330904962,623.42257972679,42.6465669493601,1.93896434313471,-2.28691918721618,-0.246440633455467,-2.38535025871638,-1541.96107237007,1204.07102095894,637.469555791646
234.150285600795,1.10000000000265,0.464940314078932,0.0480132850107617,-0.881331060850661,-1108.35632257969,1043.44658969832,1785.08786463527,167.211173892886,1.25391947550354,0.700064349304715,0.0301073460215719,-0.875757342487506,-985.216399345508,1152.75759243079,1612.74572461472,144.661758290046,1.13178025624512,0.268884469564486,-0.0379233640837864,-0.807891743840848,-974.484086499107,1179.33362486036,1446.1592952978,138.114983304161,1.10000000001719,0.0559907332211787,-0.0164434259100055,-0.874641578481692,-987.809037124535,1175.23262052394,1296.62583057499,132.979547828102,1.10000000000377,-0.2362004794707,-0.0108262162165119,-0.898978778122663,-1021.92310861609,1162.15590558841,1170.34065149534,111.375183003607,1.10000000001821,-0.434783333581965,-0.156682150352998,-1.2995321777597,-1074.25267784282,1136.70838648841,1015.90923664665,96.7255212359388,1.20000000002028,-0.492161405726924,-0.242295958831592,-1.51699549180017,-1155.53549083245,1099.54041668594,872.103312116346,91.9378763072469,1.2037557623431,-0.747535678441398,0.0416939696794754,-1.58321643278404,-1255.22012220416,1091.05731842257,772.206580968379,43.8453908578148,1.92150560100444,-0.669817107130167,0.20937343644821,-1.91889959202707,-1368.3682341521,1132.53574895607,612.286491451651,42.7029767714298,1.93330119218162,-2.24274075498074,-0.198451347297702,-2.46205681042474,-1516.63165385373,1223.44382088474,616.1815479526
234.148759213573,1.10000000000302,0.465296466147062,0.047323125091515,-0.882276267538503,-1107.75240655742,1043.14592978827,1785.17501050893,167.126902074754,1.25449722909097,0.701555982115864,0.0283450430725854,-0.877031939571913,-984.304186188345,1152.01290695964,1612.74285551109,144.766496825639,1.12752609924631,0.2711494010258,-0.0417502596691323,-0.811198671756805,-973.061083367153,1178.21810172689,1446.18365387072,138.10186655614,1.10000000001893,0.0577664702560073,-0.0223237404041985,-0.880241751228107,-985.530122472473,1174.1260491621,1296.72098442046,132.998516823298,1.10000000000289,-0.231608695790717,-0.0187115531068011,-0.90402320533045,-1018.75430214835,1160.58654844906,1170.41559264964,111.394322463677,1.10000000001461,-0.420618631753043,-0.16006328042627,-1.31103360821452,-1069.28401612024,1135.38403567395,1015.60250989889,96.7516779506626,1.20000000001531,-0.466107957206353,-0.237233132032966,-1.54342356657967,-1147.54301775601,1100.09680330878,869.781265403627,92.1195828099202,1.20624469498211,-0.716679482960025,0.0501497227967793,-1.61178329987018,-1244.23057396692,1094.61904998383,766.683943323333,44.0183258230676,1.92156947781008,-0.621601942195448,0.235784390966874,-1.96699601003557,-1347.74468396585,1141.87587559163,601.853842253739,42.7638715286004,1.92730455926946,-2.19986682628302,-0.147905108861045,-2.53576169438679,-1489.30921385824,1242.28352624088,595.755016893874
234.149518124559,1.10000000000336,0.46547576395448,0.0466639847641136,-0.883302833141638,-1107.17577343245,1042.8095308185,1785.24437185383,167.132256959604,1.25383461025919,0.702999205890916,0.026656373821552,-0.878661623313017,-983.405727043381,1151.21275693345,1612.71722941441,144.904125975847,1.12277962153721,0.273431906032783,-0.045485917223496,-0.815158921693822,-971.427912186491,1177.24220478196,1446.23409776083,138.067891050548,1.10000000001986,0.0595409630555532,-0.0279351738004792,-0.886123809088733,-983.318684912514,1172.87031002459,1296.7259522044,133.010030576102,1.10000000000308,-0.227202505907762,-0.0262960838503913,-0.910030308604427,-1015.60941609121,1158.98066489357,1170.45773195854,111.394378101399,1.10000000001299,-0.406717438532116,-0.162998696134609,-1.32368273016484,-1064.43545514612,1134.01490520157,1015.23893747567,96.784922013542,1.2000000000112,-0.441023375980027,-0.231087640731071,-1.57140979419192,-1139.72553932158,1100.8569006777,867.316452643863,92.2346268288716,1.20913983172807,-0.684541458593521,0.0602105333426839,-1.64175233082457,-1233.36921189676,1098.43587662985,761.270400727178,44.2438476885542,1.92450174117583,-0.575734603562417,0.264942255376161,-2.01329577549423,-1326.76923775615,1151.2492972139,592.25251644389,42.7768482579196,1.92607038778927,-2.16080911617359,-0.0925313434523613,-2.60561669436749,-1460.01658913698,1261.05350435159,576.695024182038
234.154400595206,1.10000000000348,0.465505262280145,0.0460362922946216,-0.884423016581229,-1106.62376799894,1042.45055352633,1785.289605627,167.228049606556,1.2517408764513,0.704370576700025,0.0250427430186149,-0.880686707326106,-982.4234634153,1150.43871174968,1612.76740300086,145.028415732841,1.11812730057607,0.275731699839914,-0.0491548013247143,-0.819800194652673,-970.373129160765,1175.63448390086,1446.03661022541,138.035359012633,1.10000000002045,0.061642162082094,-0.0332308379140634,-0.892674152708785,-981.096525493981,1171.53971625584,1296.7061859368,133.023579410364,1.10000000000384,-0.222987919031503,-0.0335531952002472,-0.917031329512143,-1012.4918305955,1157.33747969146,1170.44459422004,111.378976466556,1.10000000001021,-0.392927013161574,-0.165399196865007,-1.33759633727379,-1059.76273297606,1132.58435438029,1014.79260831698,96.8198838798908,1.20000000001053,-0.416592744298231,-0.223603183890824,-1.6009543533086,-1132.20421107222,1101.61498887304,864.736313121689,92.3777800859745,1.21148634415447,-0.652094024815831,0.0720426048233189,-1.67312550201709,-1222.66930096525,1102.54376346813,755.926886343236,44.5114719154642,1.93055084362448,-0.531075478935562,0.296946373635516,-2.05811309152278,-1305.42952196705,1160.56018798606,583.317763022453,42.8454470183845,1.91954347002143,-2.12753767442981,-0.0313077178471516,-2.67181992185168,-1429.69041886429,1278.91394541764,559.046307837098
234.163625384243,1.10000000000319,0.465492990016582,0.04545274834778,-0.885583498372697,-1106.09905604268,1042.06659090556,1785.30779495921,167.406107462547,1.24795098166881,0.705393463292159,0.0235012281791949,-0.88312851093311,-981.643151476012,1149.46533434432,1612.59774334847,145.130531736253,1.11433846276263,0.278025042476562,-0.0527788218220979,-0.825252928005628,-969.301038525763,1173.99777657846,1445.78966720715,138.02279184792,1.10000000002029,0.0641937854416985,-0.0381345458948092,-0.900148294402554,-978.841969751893,1170.11347861849,1296.63207781697,133.043506928629,1.10000000000496,-0.218901502935958,-0.0404520859489292,-0.925284908784242,-1009.40669922996,1155.68019022761,1170.37243428719,111.348506557546,1.10000000000761,-0.379246451745499,-0.167171078328759,-1.35277705294053,-1055.19530885567,1131.15334985611,1014.28027129355,96.8725903804573,1.20000000001198,-0.392104862093832,-0.214289809138942,-1.6319211897641,-1124.96838459068,1102.47690391153,862.064329247836,92.5498468743952,1.21260410309442,-0.620738870055177,0.0858453809046305,-1.70587002884181,-1212.09181840344,1106.92243870679,750.48115121693,44.8063885477576,1.94065064914509,-0.487980992193658,0.331825957938864,-2.10149583181192,-1283.87795740042,1169.91619425691,575.127087019442,43.0031488289611,1.90460821714218,-2.09922770941758,0.0335925924253176,-2.73481562094022,-1397.8777214976,1295.94198434606,542.932625185266
234.176947448888,1.10000000000276,0.465543691136485,0.044921333664253,-0.886767667992529,-1105.59823859178,1041.65288808732,1785.30952747002,167.595433574708,1.24345709946047,0.706036176265369,0.0220487234616269,-0.886027499351182,-981.046358481987,1148.31708416685,1612.21760038333,145.236271943175,1.11129239630495,0.28028630694607,-0.0563435310669182,-0.831621362180572,-967.993439373103,1172.53377389725,1445.58398239747,138.021793524324,1.10000000001828,0.0671255774078142,-0.0426508617479196,-0.908548837358449,-976.548842792757,1168.60080164609,1296.48936325375,133.068387512947,1.10000000000609,-0.214825730192482,-0.0468892932651815,-0.934946608570241,-1006.36044284644,1154.01003663572,1170.22299555576,111.299449119785,1.10000000000727,-0.365689826642952,-0.16823344023851,-1.36924920127925,-1050.85928555506,1129.72008772202,1013.71451938076,96.95108858941,1.20000000001238,-0.366399777015012,-0.202310336691956,-1.66366222816082,-1118.08252796254,1103.4319045294,859.213130635276,92.6956889166808,1.2124482009156,-0.590741273554745,0.101784085938695,-1.73962029463069,-1201.51041135758,1111.60015677899,745.150627463421,45.1139484836006,1.95369055322601,-0.44681414570481,0.369213592485293,-2.14335921426052,-1262.16015979489,1179.23386973002,567.650080858441,43.1796124558182,1.88812459913138,-2.07614907636651,0.0995737216786175,-2.79464670622537,-1365.27170355069,1311.76129242627,528.82775040818
234.194860574173,1.10000000000249,0.465596714365817,0.0444345647679594,-0.888024530595056,-1105.11539517183,1041.22270946126,1785.27639897251,167.708646665219,1.23988737869642,0.706489681397453,0.0207167967190161,-0.889423992793622,-980.382203441243,1147.1842781162,1611.8477285023,145.349917073322,1.10882318941582,0.282462789524382,-0.0598305633533655,-0.838957768819693,-966.682425717691,1170.91105440038,1445.31707526716,138.010482399638,1.10000000001516,0.0703653066291562,-0.0467992557989589,-0.917890880804712,-974.057748857191,1167.18435924509,1296.27347251743,133.096037323272,1.10000000000663,-0.210592051680708,-0.0527797241259018,-0.945908080197697,-1003.33903417891,1152.3439929355,1169.96474980565,111.237083638886,1.10000000000804,-0.352369091989359,-0.168431821217627,-1.38696532993371,-1046.45681405799,1128.3085134862,1012.9940158924,97.037322609804,1.20000000001157,-0.339229066345926,-0.187215663286403,-1.69523261836245,-1111.468684128,1104.51694329581,856.256964252506,92.8000342511945,1.21087839318887,-0.561409011242733,0.119945300857334,-1.77370917039733,-1191.02289768951,1116.55267694623,739.883129769222,45.4232089290821,1.96515052845625,-0.405874671704635,0.408631886249234,-2.1837657141365,-1240.31466901382,1188.45062203695,560.913671120249,43.2878263821463,1.87821726597842,-2.06141960843994,0.164103601819056,-2.85969395248926,-1332.21216743658,1326.7801759784,516.576090489025
234.216533210397,1.10000000000247,0.465612332880186,0.0439921059190989,-0.889382151413992,-1104.64284812199,1040.77294969126,1785.22544338592,167.733457880566,1.23757665982558,0.70690027097958,0.0195260158915324,-0.89334119459679,-979.540721115764,1146.14466485871,1611.60898220016,145.402804479805,1.10756118230355,0.284507127322621,-0.0632321076993951,-0.847285836806093,-965.268141191603,1169.34039548906,1445.02614262878,137.98289816509,1.10000000001238,0.0739012413198445,-0.0505582208839929,-0.928276075525133,-971.703399788598,1165.66724933396,1296.00665818559,133.125313517713,1.10000000000668,-0.206063743623462,-0.0580268882925398,-0.957981247995523,-1000.37900288983,1150.63071903752,1169.6266678506,111.174070811328,1.10000000000795,-0.339509904606551,-0.167527907324962,-1.40580684574794,-1041.97721836035,1126.96553635528,1012.07172413793,97.1293868106716,1.20000000001006,-0.31159446876189,-0.169429550981964,-1.72637844657827,-1105.07957632585,1105.69977727287,853.272710783217,92.8880155001085,1.20823056347076,-0.531997758597526,0.140332641367485,-1.80734171706149,-1180.54841116486,1121.76933975808,734.917362303098,45.7070276278401,1.97111500925235,-0.36414237481372,0.449844690462911,-2.22216378747229,-1218.24753923444,1197.54455961927,554.828407932509,43.2750871022755,1.87945182212667,-2.05961356879314,0.223962060105421,-2.92926375374608,-1298.47899448031,1340.95408938791,506.125565715731
234.237630936772,1.1000000000025,0.465543241464675,0.043603776096093,-0.890830794987318,-1104.16456226061,1040.31815075667,1785.13267240573,167.686165295187,1.2362072723568,0.707360457876193,0.0184756198862654,-0.897800519964257,-978.767033778443,1145.03513544615,1611.2404490147,145.369936491818,1.10786628914891,0.286454223602475,-0.0665169131584106,-0.856642353480728,-963.935644198916,1167.67268723656,1444.64312079911,137.947781727327,1.10000000001121,0.0776423330083235,-0.0538798264386365,-0.939759727428107,-969.353249740305,1164.06748929581,1295.65197227488,133.151021798082,1.10000000000641,-0.201073627452849,-0.0625869572700372,-0.971222703423697,-997.432864333861,1148.98253902921,1169.17704233507,111.118115787577,1.10000000000684,-0.327169450332122,-0.165394558169553,-1.42548611537407,-1037.68138903056,1125.67567268493,1011.06933145109,97.2287604088378,1.20000000000783,-0.284491381751443,-0.149633104136362,-1.75749587322778,-1098.88679012843,1106.98049376771,850.172732267761,92.9486959408864,1.20536089442459,-0.502267694981969,0.16296545330083,-1.84008955019422,-1169.94393480449,1127.35210273181,729.723318624742,45.9286837459784,1.97133222962889,-0.322818836054655,0.493025138182711,-2.25767864796612,-1196.04951997099,1206.5525228037,549.408357145779,43.1862316991524,1.8903983716597,-2.06311501338652,0.278770583046085,-2.98907034307505,-1264.54584310097,1354.02181719089,497.586428611224
234.252302166352,1.10000000000251,0.465421588443871,0.0432757120014829,-0.89236432374159,-1103.69770926354,1039.85322970808,1785.0262224576,167.573384925157,1.23571249448668,0.708098868425088,0.0175801205376405,-0.902826204324709,-977.687816838557,1144.13374973567,1611.12807350813,145.348381009359,1.10863280198669,0.288384039127591,-0.0696483473732187,-0.867013071566935,-962.253781193629,1166.24876171228,1444.33480589295,137.907133998917,1.10000000001123,0.0813676058567346,-0.0567738091564526,-0.952329822157259,-967.032714051232,1162.39453623648,1295.20192123388,133.164909815117,1.10000000000592,-0.195444311749634,-0.066417326850612,-0.985540526688906,-994.520435337956,1147.32388768806,1168.63138566696,111.066544958873,1.10000000000602,-0.315304315060907,-0.161928727701586,-1.44570261368188,-1033.45233588914,1124.45493594598,1009.9374441669,97.3293023643641,1.200000000005,-0.25906328605366,-0.128477998215674,-1.78847920012144,-1092.7877179016,1108.42819662213,846.984928824847,92.9478630322652,1.20327188337233,-0.471978680696733,0.187822671092035,-1.87166560350891,-1159.33872437023,1133.12494084658,724.69397242792,46.060212097087,1.96710378909197,-0.283068623586593,0.538209046934071,-2.28943120933169,-1173.56832514912,1215.3728501609,544.686523732473,43.0253006669424,1.89885463547589,-2.0649365165675,0.335901975681289,-3.04167971724431,-1230.66554702462,1366.18195732224,490.563271196935
234.256685179159,1.10000000000253,0.465212810545314,0.0430052424882846,-0.893984653703104,-1103.21328847394,1039.3737678343,1784.89493619881,167.421807021119,1.23582423677209,0.709202450635651,0.0168534697388826,-0.908424183381558,-976.592003632287,1143.23844894717,1610.98496088612,145.414484431986,1.10927571741531,0.290265600848861,-0.0726206704962226,-0.878297422167235,-960.607981741541,1164.71430355687,1443.96341896339,137.863838908955,1.10000000001176,0.0851347566920009,-0.0592827015390389,-0.965851166430374,-964.751333499603,1160.65135297331,1294.68462998441,133.16105862013,1.10000000000544,-0.189089208678151,-0.0694974596473649,-1.00079066515264,-991.629276542878,1145.67778128071,1167.98541315011,111.017299851006,1.10000000000639,-0.303676586762141,-0.157009109994764,-1.46614773648311,-1029.29900462093,1123.33338474114,1008.70716157073,97.4106450063684,1.2000000000031,-0.235992890738945,-0.106367707446089,-1.81868889313518,-1086.65036113896,1110.11481285674,843.707673828641,92.8660719224325,1.20208482003795,-0.440530812472517,0.214820949967039,-1.90171958159361,-1148.55662458952,1139.09635135298,719.727651540454,46.0980651173476,1.95856539501148,-0.243200308830171,0.585418102599215,-2.31612785699592,-1151.03936960117,1224.02721976293,540.738829250498,42.7454083825732,1.8929014123293,-2.07105771130079,0.421047388838881,-3.10116810915683,-1197.01891233786,1377.31334651139,485.096074086589
234.24972148373,1.10000000000265,0.464888895858748,0.0427935708868078,-0.895705344125395,-1102.73665236573,1038.88221152428,1784.76815075814,167.300650061714,1.23541837837408,0.710595318918652,0.0162851448019394,-0.914562198805476,-975.703927754349,1142.18168875023,1610.55950863692,145.477487981769,1.1108693943869,0.292003900244823,-0.07544573123291,-0.890327260225092,-958.68865176512,1163.33565687951,1443.66622414649,137.838660061004,1.1000000000124,0.0891663196059713,-0.06139308174926,-0.980145990308467,-962.531546949334,1158.83093818225,1294.11866943044,133.14313433512,1.10000000000563,-0.181989420901769,-0.0718535457441148,-1.01679636349995,-988.802697771147,1144.03303364705,1167.25803470837,110.973836204527,1.10000000000726,-0.292004998030562,-0.150554865726052,-1.48647979645731,-1025.16228010759,1122.34446615268,1007.35677222088,97.4673419817747,1.20000000000286,-0.215630005905792,-0.0838795110549039,-1.84764133285348,-1080.61765160129,1112.04485205935,840.488670564091,92.6781520202627,1.2014553575805,-0.407266044570346,0.243784296313909,-1.92985056022837,-1137.39227656097,1145.20838966845,714.783982205968,46.0508199706778,1.94647200942097,-0.201671339864125,0.634720096229846,-2.33648872842077,-1128.47923306933,1232.41453604151,537.578963034608,42.3192796314048,1.87331110978874,-2.08813383652571,0.531354150881819,3.10884881787786,-1163.4521887111,1387.58073835584,480.959830011936
234.23251583138,1.10000000000269,0.46441412903974,0.0426511114760885,-0.897492756425903,-1102.23961440035,1038.39018536704,1784.6248881293,167.255822989141,1.23349489127608,0.711980644667625,0.0158476994071515,-0.921178338119724,-974.667808276916,1141.23239633941,1610.26217264746,145.418260673207,1.11439262285815,0.29356036966512,-0.0781373256014535,-0.902973972507952,-956.883557966851,1161.80449166659,1443.29536289344,137.858142165499,1.10000000001288,0.0935960298679409,-0.0630581115658395,-0.995046515862848,-960.130907599156,1157.14654154131,1293.56091219249,133.120994878534,1.10000000000685,-0.174107681432499,-0.0735612920781721,-1.03336804825712,-985.969596947971,1142.412197354,1166.45327154087,110.939036712436,1.10000000000777,-0.280131163543554,-0.142596275185179,-1.50631392470899,-1021.03207631152,1121.51858189467,1005.9022228758,97.4935954830645,1.20000000000343,-0.197920133295869,-0.0613469883328581,-1.87517615272242,-1074.42819349426,1114.26822024421,837.319747759959,92.3689817360459,1.20105108870866,-0.37317219240422,0.274340194791431,-1.95576628574366,-1126.01192923839,1151.37031698802,710.011145419132,45.9622990569922,1.93465391281806,-0.157940130844809,0.685643103718784,-2.35030613160671,-1105.72791627738,1240.66583319068,535.236650100646,41.8682713571712,1.85258026332572,-2.12066662299337,0.633924501107274,3.02404158631789,-1129.89005987892,1396.92226042853,478.157033104472
234.206260951322,1.10000000000243,0.463765084865617,0.0425725963691395,-0.899327712209063,-1101.74832406784,1037.88230135745,1784.47712235409,167.273602834448,1.23014163240939,0.713215848178013,0.0155264831020933,-0.928196076319646,-974.271756353338,1139.83384773789,1609.24843537741,145.272845045755,1.11910745608367,0.294920881561511,-0.0807104312429422,-0.916082467342594,-955.14696411246,1160.15992543242,1442.88231677622,137.923369208668,1.10000000001216,0.0983651311097708,-0.0643437747469534,-1.01036526147875,-957.896182742698,1155.31710009868,1292.97782394754,133.104668800243,1.10000000000883,-0.16544314750565,-0.0746727453822604,-1.0502276562096,-983.135603986807,1140.86727114015,1165.58803443097,110.908517980258,1.10000000000825,-0.267850029631398,-0.133241195401308,-1.52539503651214,-1016.89098859197,1120.86237960436,1004.35034605772,97.4888433371675,1.20000000000389,-0.181846645660441,-0.0383932621076029,-1.90117700375792,-1068.12605692616,1116.76067097772,834.259517763748,91.9516156329763,1.20079346075791,-0.33940697614255,0.306131609993503,-1.97934602925067,-1114.13562274052,1157.67046139178,705.388592663579,45.8946875893804,1.92751639819934,-0.110694462692459,0.737328128425161,-2.35755036624756,-1082.84625007818,1248.72166286475,533.723634712197,41.4485343227755,1.83408905177505,-2.16843439186253,0.72486520280591,2.94229470721557,-1096.57379181475,1405.26499224659,476.524698190417
234.171686712194,1.10000000000196,0.46300809464059,0.0425472168662243,-0.901219665481269,-1101.25408672312,1037.38741093336,1784.31909815914,167.338452560272,1.22555444560563,0.714237025705525,0.0153105631302333,-0.935519446378001,-973.50114616225,1138.70639659295,1608.5872209192,145.159252675836,1.12317874061204,0.296021429608146,-0.0831668488915097,-0.929469471251308,-952.940272085047,1158.92126685779,1442.67345742742,138.013374876319,1.10000000000987,0.103352018470118,-0.0653917453423255,-1.02583419363679,-955.896442258533,1153.40214024721,1292.37535865267,133.098812355506,1.10000000001093,-0.156095230416843,-0.0752489141064104,-1.06701253115631,-980.316407904506,1139.36827627737,1164.69914555421,110.875879109526,1.10000000000885,-0.255119815463337,-0.122611375397589,-1.54355845510016,-1012.7419833935,1120.4102784091,1002.7030429613,97.4692881609977,1.2000000000057,-0.166336345979965,-0.0144950848939877,-1.92498978429442,-1061.61033100443,1119.57631318086,831.338280009911,91.4871551705553,1.20063627516534,-0.306552467542352,0.338802564239958,-2.00027041159632,-1102.16067420081,1164.06085986887,701.184582788276,45.9124179242596,1.92651754855298,-0.054010705000501,0.788696610758245,-2.35786832690467,-1059.90823446268,1256.4810723316,533.059164909563,41.0347468156953,1.81626027214325,-2.23972195520246,0.827631871712167,2.85090480732415,-1063.367959368,1412.5462760223,476.021068983749
234.130583139952,1.1000000000019,0.462216873389653,0.042571679164095,-0.903138352882719,-1100.76697341701,1036.87117588676,1784.16319549792,167.458700518019,1.2194422980875,0.71496941875324,0.0151733346306422,-0.943039068916245,-972.789965007465,1137.51660544911,1607.85855348501,145.077219510128,1.12619254878436,0.296843819961655,-0.0855127616800983,-0.942904731022463,-950.546269819512,1157.86359183616,1442.57341852373,138.107557329546,1.10000000000694,0.108494590485224,-0.066311398214642,-1.04125742192006,-953.775948473508,1151.53340436433,1291.76956256202,133.103497965367,1.10000000001237,-0.146234845170464,-0.0753718759766455,-1.08350214427454,-977.497698458435,1137.94703182663,1163.77620389844,110.84069489614,1.10000000000843,-0.242144035457229,-0.110829299044148,-1.5606634169187,-1008.53565727833,1120.16910196959,1001.00093492926,97.460097309695,1.20000000000926,-0.150982154731074,0.0104604421780932,-1.94598634052721,-1054.78844064322,1122.7259600802,828.511818090953,91.0639906080898,1.20085555431684,-0.274536184474563,0.371949870178138,-2.01809733158648,-1089.97262517794,1170.47126880016,697.405320871475,46.0489878859968,1.93083998748062,0.0189805986399918,0.838321414639932,-2.35148688655523,-1036.97143547013,1264.00606459396,533.28082386324,40.5825904341475,1.79762362603918,-2.31997997546375,0.940722660107655,2.75174661409153,-1029.74809983374,1418.99579369007,476.833725488515
234.08645540757,1.10000000000246,0.461443004563985,0.0426392405281843,-0.905068747230002,-1100.27393481133,1036.3797780513,1783.97052195995,167.585952205938,1.21255667334639,0.715479023231499,0.0150783121719568,-0.950631761866512,-972.443732682588,1136.08366470002,1606.79692593348,144.944488428362,1.12923217249832,0.297430066039365,-0.0877604764534074,-0.956160746181457,-948.704785613561,1156.36703824244,1442.25358097144,138.195323013196,1.10000000000492,0.113657168040429,-0.0672007526160893,-1.05646415357831,-951.785082535359,1149.63687038992,1291.17844781444,133.119763848129,1.10000000001252,-0.136003480894314,-0.0751039663388799,-1.09952571149867,-974.677846188813,1136.59866215387,1162.85531415141,110.804740891864,1.100000000007,-0.229136467460935,-0.0980673680818029,-1.57656124949748,-1004.42556839734,1120.15573275073,999.279135567602,97.4649446055314,1.20000000001261,-0.135722523520426,0.0363314042603241,-1.96434766777958,-1047.65276003951,1126.11064842438,825.758286831882,90.7447713879361,1.20159757457362,-0.243757865263166,0.405132499472213,-2.03274741027517,-1077.54623948182,1176.92671657738,694.095265339258,46.3098709307706,1.9400407996596,0.107271429247365,0.885814339596694,-2.33664199690132,-1014.06277078127,1271.24921263941,534.387021034747,40.3299101712138,1.77967123560039,-2.39400945482097,1.03433684854391,2.6464962688955,-996.038822889619,1424.43679191468,479.148400482864
234.041718691233,1.10000000000328,0.460714934512188,0.0427438996457574,-0.907015566279951,-1099.77559901378,1035.89859225948,1783.75038959157,167.630143033512,1.20669827245237,0.71598821514796,0.0150068818759564,-0.958151888270438,-971.743285005255,1134.93400218156,1606.16352223377,144.770879158757,1.13228301785341,0.297915281892507,-0.0899349718983251,-0.969024967011103,-946.695490435161,1154.98545594175,1442.04479013921,138.269866309818,1.10000000000449,0.118658468906288,-0.0681506011511852,-1.07126069930617,-949.8150650424,1147.74431137804,1290.65122288149,133.149464197281,1.1000000000113,-0.1255177323791,-0.0744995663619659,-1.11480241663576,-971.853348453013,1135.3152405612,1161.94038949716,110.766592565778,1.10000000000564,-0.216142472703094,-0.0844760105767395,-1.59122539193074,-1000.18453917885,1120.33706327652,997.508494271396,97.4733847737382,1.20000000001406,-0.120614850620669,0.0628562076011178,-1.9807974337803,-1040.31831033187,1129.60814044893,823.03232495731,90.5661441863882,1.20257435369906,-0.21427901558753,0.438143223178695,-2.04362758400968,-1064.96094982134,1183.33148148021,691.223458412659,46.6739795878605,1.9533840719712,0.208833320739118,0.93101566959199,-2.31051813291148,-991.407863014632,1278.14509364847,536.296950122732,40.6422310256274,1.76189515834179,-2.44252343808577,1.10487041408586,2.55155024023503,-962.898941230881,1428.57581422498,482.6540309816
233.996288033813,1.10000000000384,0.460117939811346,0.0428773355941831,-0.908947375254934,-1099.28004681076,1035.42456629078,1783.50938526142,167.575473614345,1.20246855979406,0.716490516577022,0.0149420533689023,-0.965469542864453,-971.298681642819,1133.62147742178,1605.30309575611,144.673716403648,1.13392459946799,0.298491738455275,-0.0920297083068608,-0.981227323315989,-945.340240538229,1153.2156764795,1441.64738872244,138.33040051489,1.10000000000476,0.1235374626962,-0.0692024252235238,-1.08538198010039,-948.035670865986,1145.85092495133,1290.1224467599,133.187487126942,1.10000000000938,-0.114959670432256,-0.073619426895031,-1.12905437181866,-969.02589515644,1134.11126040402,1161.05023620261,110.727788523537,1.10000000000529,-0.203071564382765,-0.0701693424498118,-1.60462784940645,-995.576435130788,1120.71717365912,995.705809740449,97.4786016949388,1.20000000001457,-0.105695889625954,0.0897170298822866,-1.99515945859427,-1032.74518678011,1133.3451241283,820.445573973114,90.5607513965588,1.20354859362481,-0.185439903797423,0.470750324671368,-2.05013155730956,-1052.41595564692,1189.75544373869,688.729240572599,47.1164495806945,1.96825536762279,0.324770253533567,0.97304310480696,-2.27081719633062,-968.878275500499,1284.90312728333,538.992699193021,41.6350911667973,1.74244133689577,-2.48551678097678,1.15031958173303,2.44647078249835,-930.017379327444,1431.7430080962,487.35074204261
233.949985907742,1.10000000000416,0.45979862814484,0.0430274892105317,-0.910857689747791,-1098.78100838007,1034.96836014851,1783.22748221808,167.468192745128,1.19920555439812,0.716811146866199,0.0148677427914648,-0.972463286959533,-970.623419457738,1132.47894953455,1604.73426961641,144.696558806816,1.13373991084236,0.299294708193792,-0.0940061710776557,-0.992456451074921,-943.404749472843,1151.95074633951,1441.46662264464,138.380043568213,1.10000000000495,0.12834744918486,-0.0703284589231966,-1.09851442819997,-946.060209364309,1144.17240896345,1289.67402121776,133.223490581424,1.10000000000726,-0.104417750542495,-0.0725341004307604,-1.14217055235409,-966.161614263898,1132.99114210606,1160.20002806691,110.689614102181,1.10000000000582,-0.189747180218616,-0.0552505848755236,-1.61671492503863,-990.877569811924,1121.28012947067,993.917706240409,97.4847415821845,1.20000000001461,-0.0908452503195089,0.116500503690273,-2.00671692624518,-1024.94148820268,1137.23521164033,817.992086206104,90.7443250986141,1.20455539033895,-0.15571462275177,0.502660320434221,-2.05191802891099,-1039.74924574468,1196.03680930532,686.656025094664,47.5972418263506,1.98121091810383,0.4553258875653,1.01063573628572,-2.21564001419895,-946.907142227476,1291.21005352463,542.494671780479,42.8233475868667,1.72866082900528,-2.52247641332394,1.18423619161438,2.34200282206833,-898.083036786319,1433.98856902031,493.273856535756
233.904808947018,1.1000000000043,0.459734965528913,0.0431910451555259,-0.912716920693442,-1098.29134080808,1034.51844916696,1782.92766979302,167.30163605866,1.1970723894561,0.717050562156736,0.0147797046799743,-0.979019249162436,-969.518412360312,1131.68334194897,1604.61840723994,144.783959086163,1.13263513767196,0.300325597716076,-0.0958680605613655,-1.00252729961813,-941.64686106328,1150.65530721533,1441.2730402218,138.424060602567,1.10000000000498,0.133193202265184,-0.0714914960853324,-1.11055076293808,-944.127133228694,1142.59857860825,1289.27771144433,133.251338282223,1.10000000000533,-0.0939028175480129,-0.0713083473507086,-1.15405188887123,-963.268686830988,1131.98436953236,1159.36566935546,110.6491338262,1.10000000000663,-0.175955590735011,-0.0398067561954826,-1.62745395174456,-985.909950929712,1122.0304272173,992.122074732725,97.4900195191677,1.20000000001312,-0.075729075716324,0.143067038899667,-2.0154452715208,-1016.85016416919,1141.24353896979,815.745602492185,91.0694341920201,1.20532181517337,-0.124351598380513,0.533456797744611,-2.04852792047905,-1027.14411294958,1202.21854788195,684.953184967052,48.0739394375381,1.99034443257572,0.596083113128722,1.04268242198694,-2.14289311816724,-925.656912721144,1297.1292558279,546.611053663017,43.710384383932,1.73082277363601,-2.57149834466415,1.21872796314241,2.22850641601419,-867.370205888975,1435.51408480137,500.123647127267
233.864283952756,1.10000000000403,0.459798334045217,0.0433604511557038,-0.91451486658125,-1097.81554842535,1034.0629078215,1782.62302848724,167.045934388414,1.1966825217511,0.717405921149266,0.0146879888989916,-0.985019997150481,-968.612088374346,1130.80327071261,1604.32062691288,144.874408210185,1.13141661197416,0.30173925747373,-0.0976726653333615,-1.01132613699918,-940.576126348996,1148.94821064264,1440.82021225531,138.4668668116,1.10000000000494,0.138222311925526,-0.0726808198957601,-1.12160882024675,-942.203415973597,1141.19352708248,1288.88899244695,133.271575465895,1.10000000000388,-0.0833922699142848,-0.0700144824028148,-1.16448616881463,-960.367647544611,1131.02185672725,1158.58342994662,110.600985625413,1.10000000000661,-0.161635326939722,-0.0239895960120618,-1.63680080787404,-980.971197427822,1122.94070970555,990.415819041823,97.4887807679152,1.20000000000967,-0.0601388911905613,0.169248996399886,-2.02157176591734,-1008.53065273714,1145.28970296146,813.714210145319,91.4285378914719,1.20541812673333,-0.0911198138372885,0.562847395691771,-2.0398095708118,-1014.59559328616,1208.2373390085,683.609336173997,48.5018548176181,1.99511112992448,0.741370344614109,1.06809752892979,-2.05059713344881,-904.928399083333,1302.69466870946,551.310549869434,44.2227289372949,1.74725475804163,-2.66847419188838,1.26346577622864,2.07733039043121,-837.716119595183,1436.45464089677,507.815640685363
233.830613339104,1.10000000000321,0.459913366382683,0.0435349378299921,-0.916249400291242,-1097.35417186475,1033.61156619282,1782.28610546654,166.754842721765,1.19735071849108,0.718006238347793,0.0145764773039567,-0.990346776999114,-967.57166198595,1130.03884264266,1604.19121169694,144.974777885303,1.13000495209169,0.303725216390823,-0.0994698798649889,-1.01878389921992,-939.520935296705,1147.30099275412,1440.37332541421,138.509505384492,1.10000000000476,0.143529296852332,-0.0739128946047184,-1.13152483204809,-940.409208753246,1139.83679884145,1288.48482139769,133.287998567885,1.10000000000316,-0.0728631105803001,-0.0687418826077139,-1.17325802706852,-957.414325557008,1130.21588277038,1157.83224794262,110.54776656158,1.10000000000604,-0.146934424418537,-0.00805640886902111,-1.64466106038169,-976.053858832867,1123.99027425686,988.766022840179,97.4808719953659,1.20000000000621,-0.0441444294954891,0.19467921866875,-2.02494983207097,-1000.01524099847,1149.27604021999,811.824809060419,91.7363581820344,1.20482639232588,-0.0560271341001828,0.590614088035019,-2.02568855516444,-1002.24205481757,1214.1463296046,682.438181872947,48.8578134096505,1.99577885102681,0.886126661715306,1.08522735345407,-1.93876676656488,-884.849797125322,1307.96606299628,556.493153842944,44.6039148113904,1.75652658856979,-2.89109626332131,1.3212345049537,1.81950462481032,-809.83390553744,1436.84188766578,516.21684496264
233.805632954291,1.10000000000227,0.459996643999862,0.0437131540716426,-0.917882839661948,-1096.9150612479,1033.15539896249,1781.93079648199,166.527023702465,1.19773583871905,0.718892227235398,0.0144088123254541,-0.994906713690647,-966.270735359185,1129.49855457286,1604.36891306763,145.077224188595,1.12852947139467,0.306275869222,-0.10128430275832,-1.02486442541129,-938.267709560398,1145.94207937791,1440.01006571836,138.547511193713,1.1000000000047,0.149153216116692,-0.0752129272922107,-1.14003888295702,-938.357158297885,1138.73653121945,1288.16013872445,133.302567856197,1.10000000000295,-0.0622625435858626,-0.0675969288275518,-1.18032373014053,-954.419482773309,1129.49749965549,1157.11703429979,110.493427729408,1.10000000000537,-0.132059601927417,0.00767845295190173,-1.65085364009532,-970.834642137362,1125.12463544954,987.196371872272,97.4712106918035,1.20000000000417,-0.0279263688389851,0.219008047472591,-2.02506473432718,-991.344686836455,1153.16875645766,810.113584375765,91.9789705923264,1.20404420180286,-0.0190446461804964,0.616483235569726,-2.00663393474791,-989.599970850752,1219.65075701906,681.483404355897,49.1208833391499,1.99306785599399,1.02911741004771,1.09181828565699,-1.81548330925668,-865.734829280584,1312.82541372244,561.996209217305,44.8741463115922,1.75252315668069,2.9450783659142,1.36832878562882,1.3534682650952,-783.794646123918,1437.03586695616,525.045962831466
233.791787378511,1.10000000000168,0.460019382297159,0.0438842269192104,-0.919407102310758,-1096.5090323611,1032.66843975288,1781.58275799134,166.376975477996,1.19774516107283,0.720194726675735,0.0141851474992963,-0.998656330031329,-965.266717902041,1128.81164709244,1604.27341992518,145.148318856631,1.12745370270153,0.309464402613427,-0.103135612307294,-1.02962066542124,-936.961096483372,1144.75980635256,1439.66454996783,138.576996590434,1.10000000000504,0.155081694872271,-0.0766288162061693,-1.14700738082937,-936.311974199116,1137.81204560877,1287.84637794695,133.314628420337,1.10000000000309,-0.0515834149964861,-0.0666407944659093,-1.18573203689219,-951.399716878364,1128.87148228384,1156.4304925148,110.438385607727,1.10000000000459,-0.117137442001767,0.022985459886466,-1.65522524768321,-965.544065164345,1126.34214970536,985.696030266656,97.457909723279,1.20000000000332,-0.0114814156934862,0.24216768766281,-2.02194823745313,-982.562959873409,1156.96587618746,808.571417522213,92.1653150931227,1.20340218317932,0.0194472538363235,0.640188451319425,-1.98375007049769,-976.88626279788,1224.83883120529,680.710416688638,49.3121902389988,1.98911557387695,1.16412372001193,1.08707565974363,-1.69225901185871,-847.620266233931,1317.3267682257,567.869995938805,45.0285205497556,1.74159806042913,2.33948610056103,1.35995314566653,0.736909423160305,-759.515293554348,1437.19588452662,534.258773607262
233.792003597394,1.10000000000156,0.459987412194591,0.0440463317261803,-0.920829754150395,-1096.12994832082,1032.17833598468,1781.21322438638,166.261456198344,1.19804865401872,0.722014613767936,0.0139166689523711,-1.00157975068433,-964.450756220785,1128.05869327689,1604.00425908389,145.159377354339,1.12722646873646,0.313280735813181,-0.105048899293623,-1.03316956913108,-935.85342129346,1143.59732908685,1439.30387018384,138.598423209324,1.10000000000547,0.161241950795865,-0.0782242274058061,-1.15235864989914,-934.276223624342,1136.9903176011,1287.58206169714,133.320877637179,1.10000000000391,-0.0407735886450898,-0.0659038572971691,-1.18948146601992,-948.335448868267,1128.33733717376,1155.76837281524,110.382288871527,1.10000000000354,-0.102237546702646,0.0376674494115851,-1.65765774914422,-960.158107728146,1127.64484273693,984.272873922431,97.4362501635676,1.2000000000033,0.00545228021974397,0.264197377101527,-2.01625356680291,-973.697229146679,1160.60075813892,807.157464009957,92.2471140427845,1.20289817032474,0.0591591679932778,0.661643611427294,-1.95756192345623,-964.246894928771,1229.73416838357,680.094188939907,49.4572811289572,1.98540905205823,1.27804026559562,1.07190534284656,-1.57727364930038,-830.412933412357,1321.61579438645,573.849326581459,45.1149225256042,1.73743278350145,1.90466746812205,1.29247903737859,0.29253808404211,-736.795490357228,1437.46765460367,543.668790989023
233.806940994081,1.10000000000161,0.459941134558451,0.0442126691071769,-0.922133240564784,-1095.77643651948,1031.6761719495,1780.84426587116,166.225485929859,1.19795925687702,0.724281212954179,0.0135899751744284,-1.0037015921291,-964.020449554267,1127.11127660486,1603.36353401272,145.149660110756,1.12729121870883,0.317671136381071,-0.107019619801341,-1.03555665987908,-934.619258689084,1142.65358753478,1439.01905884256,138.612666884975,1.10000000000548,0.167588569751651,-0.0800385439428615,-1.15591907569299,-932.281352654663,1136.27771398392,1287.43503361059,133.321465498097,1.10000000000538,-0.0297567451211255,-0.0654198308242031,-1.19157379651868,-945.182483673723,1127.94092243388,1155.11294484493,110.331203533586,1.10000000000287,-0.0874669162716691,0.0515677323468003,-1.65801952294079,-954.710538426067,1129.000996177,982.926552091736,97.4094114357055,1.20000000000429,0.0231007327334314,0.285023542733396,-2.00824499921798,-964.727062141627,1163.9738868702,805.84159179424,92.1941566539726,1.2025858186426,0.100060511371264,0.68074698173921,-1.92822151509288,-951.683355956253,1234.30604449415,679.608028377253,49.5645066320048,1.98179803704742,1.36003477925371,1.04784533838239,-1.47491648977259,-813.972932589258,1325.61720712005,579.88112321241,45.3273872863842,1.73642216404595,1.66307753481259,1.19781386435304,0.0409181605519317,-715.589177545936,1437.80085861376,553.19802461083
233.835622581376,1.10000000000169,0.45995643079235,0.0443871910933028,-0.923329184430718,-1095.44889053046,1031.1527170181,1780.47722981723,166.381504439264,1.19577523841028,0.726735165412289,0.0131983774588954,-1.00506554575726,-963.633920336894,1126.17667473355,1602.68702945073,145.16031442858,1.12732089159961,0.322386002632964,-0.108995295541279,-1.03683647552842,-933.485348844366,1141.7904903539,1438.70823431872,138.616235325379,1.10000000000491,0.17396526337063,-0.0820805166059432,-1.15738986369379,-930.280131864996,1135.64918242395,1287.25102732686,133.316569296322,1.10000000000688,-0.0184347938444746,-0.0652018765565348,-1.19202570923318,-941.936061684873,1127.72097161217,1154.46588882194,110.288524310018,1.10000000000283,-0.0727332574543547,0.0646483545684187,-1.65618882074595,-949.195891189752,1130.39885088464,981.679628937576,97.389558286498,1.20000000000598,0.0416937183050033,0.304456041213127,-1.99720155808682,-955.72553879928,1167.17417595387,804.671258726158,92.0633900419896,1.20260698730273,0.142266390723504,0.697290674722851,-1.89588552671086,-938.963023276492,1238.59590411168,679.391856334976,49.6310982494115,1.97722541020843,1.41203877101043,1.01671065701872,-1.38871404690367,-798.521410851911,1329.2036572732,585.940841812282,45.5750781402993,1.74118024586556,1.52246776982864,1.09653786326678,-0.111065740049304,-695.766955079692,1438.1634699568,562.623847019282
233.875323046812,1.10000000000183,0.460044006449654,0.0445625158466913,-0.924423792767086,-1095.13637045079,1030.62610335107,1780.11831781502,166.723183059648,1.19154570647968,0.729246738180235,0.0127647302981699,-1.00576563960202,-963.315237380513,1125.25511177963,1601.9545490559,145.186397088347,1.12776902585868,0.327111439278651,-0.110918530167993,-1.03713427588812,-932.130489261043,1141.21249361307,1438.50813920062,138.608946483665,1.100000000004,0.180250497432754,-0.0843192696761003,-1.1565490353184,-928.296126442169,1135.1085040297,1287.01804044155,133.303836045828,1.10000000000801,-0.00673926349427875,-0.0652158723894166,-1.19078857422641,-938.620593271152,1127.64065520871,1153.83566607646,110.251458610624,1.10000000000348,-0.0576825067104292,0.0769932069332031,-1.65210497862103,-943.630433610376,1131.85085308719,980.497196583259,97.3845568212451,1.2000000000076,0.0620748779991138,0.322552141154303,-1.98211332306383,-946.664207036734,1170.2272761243,803.609237930553,91.9337370023271,1.20294345196026,0.186091108674893,0.710947050080277,-1.86026152014754,-926.340239903334,1242.58920164874,679.308403848162,49.6723694036119,1.97210967919467,1.43922378126455,0.980681128222507,-1.32045266436023,-783.530430101677,1332.77721494215,591.802297349077,45.8462204851633,1.74438797494462,1.43032165969899,0.995121291775231,-0.213749050561594,-677.092023520137,1438.51826137679,571.849470782043
233.922331134969,1.10000000000212,0.460197227919085,0.0447288587161686,-0.92541171744618,-1094.85390670262,1030.07450008556,1779.77290092981,167.11455117959,1.18721937765986,0.731789836763274,0.0123349867654537,-1.00592425839183,-962.943978314357,1124.41979721431,1601.31740611606,145.201773833622,1.1291906290818,0.331982276783,-0.112741637652391,-1.03656521414546,-930.883031884268,1140.68792758975,1438.27030235267,138.598239703746,1.10000000000314,0.18690955981654,-0.0866743303137436,-1.15379760657868,-926.080758684185,1134.77237231004,1286.77986734352,133.277780664949,1.10000000000892,0.00535867273603038,-0.0654192282422945,-1.18780811471711,-935.219852091759,1127.7169905122,1153.22625906636,110.21520217723,1.10000000000495,-0.0419942088740272,0.0886691195794962,-1.64563704972878,-937.988183946392,1133.34038054199,979.416756652783,97.3937712849593,1.2000000000094,0.0844546416606932,0.339426955021288,-1.96278517704195,-937.540048653478,1173.12184719063,802.635468863359,91.7825775477398,1.20332451959654,0.231606363705619,0.721283762971645,-1.82123043633864,-913.829643512062,1246.31964991991,679.3552184147,49.7038596546303,1.96746617383917,1.44461711961438,0.941836597354035,-1.2681805339226,-769.269239262548,1336.0571259766,597.471471161103,46.0398833228718,1.75228088570402,1.36586090463485,0.89762131779216,-0.289675586338599,-659.349061610112,1438.76583836567,580.596231471139
233.972650000142,1.1000000000024,0.460400850632842,0.0448950731624575,-0.926298319924252,-1094.55627327981,1029.54790194811,1779.40621489652,167.484509024673,1.18373413631114,0.734345844531716,0.0119478406876615,-1.00565666939748,-962.856044249908,1123.44079549349,1600.46028836904,145.214248302902,1.13138113524212,0.33713420746329,-0.114445414333299,-1.03521653939495,-929.588649738748,1140.30884283399,1438.12768077208,138.593127517014,1.10000000000263,0.194882626530863,-0.0890416675666684,-1.14953996936482,-924.021037278561,1134.4483236054,1286.48319173364,133.23762134839,1.10000000000932,0.0178595721996476,-0.0657728520990406,-1.18305559848332,-931.739187237453,1127.93239201404,1152.62376366964,110.18016709046,1.10000000000699,-0.025516500805127,0.0996789740272708,-1.6365907979798,-932.350648344643,1134.88789149537,978.477246417707,97.4078874572787,1.20000000001216,0.108533872874485,0.35500990226231,-1.93952531915319,-928.366809845823,1175.86355521964,801.845665678273,91.6079070042124,1.20362144784155,0.278838140301058,0.727900384828709,-1.77872179257842,-901.575702835003,1249.89401421646,679.431409262896,49.7341960764178,1.96390039831598,1.43697749029152,0.901295608983977,-1.22657372543465,-755.47709653172,1339.11187190114,602.84252557032,46.2032380642362,1.76091310140535,1.32231815884125,0.808194980202452,-0.349726184207109,-642.339285170936,1438.82335471654,588.93714273664
234.023226883595,1.10000000000243,0.460580763970849,0.0450808155831346,-0.92711282400429,-1094.26780789113,1029.0055146207,1779.07088586784,167.835025736525,1.18108226385218,0.736888373152524,0.0116090208681172,-1.00506309818832,-962.777283979115,1122.51167847219,1599.63748815138,145.241642244519,1.13378183885892,0.342321830065543,-0.116019939217967,-1.03317772254468,-928.321236847016,1140.00630813118,1438.0836447801,138.594391313694,1.1000000000027,0.204394570247295,-0.0913276801267208,-1.14400676932874,-921.964229198706,1134.18540018811,1286.16333427672,133.185191984838,1.10000000000865,0.0308063765047477,-0.0662482130835433,-1.17656128708529,-928.194614113773,1128.29107680606,1152.04284782034,110.147036746054,1.10000000000889,-0.0082771588732025,0.109941136221298,-1.62474993790281,-926.406406992482,1136.43196810155,977.57297528469,97.4175431879751,1.20000000001493,0.134201694390593,0.369088969652302,-1.91248433255363,-919.172133525308,1178.54982700546,801.168622205911,91.490888242351,1.203741788983,0.327620762866151,0.730444444877838,-1.73287000384452,-889.350708624983,1253.15133600692,679.694806601458,49.735953535267,1.96041505564173,1.43177497364661,0.860028039247806,-1.19291237375602,-741.969193428894,1342.041878077,607.856924268931,46.2917240335914,1.76755604193606,1.29504426117044,0.730537004575975,-0.400452343029395,-626.053861283731,1438.62226115058,596.765464090812
234.071300386321,1.10000000000224,0.460721853762173,0.0452917038557538,-0.9278967458321,-1093.96667605609,1028.49001580103,1778.74057484444,168.159908301046,1.17924400180096,0.739458617099529,0.0113487876971046,-1.00424964377705,-962.579784858612,1121.71252939487,1598.97831414079,145.263209698487,1.13618234429193,0.347327212916976,-0.117462526765861,-1.03056009235641,-927.409051932922,1139.57852104856,1437.95971410395,138.599521161689,1.10000000000324,0.215122701451112,-0.0934676164456612,-1.13735836267182,-919.929046865633,1134.0269153271,1285.81775609908,133.120657945248,1.10000000000715,0.0442291007218358,-0.0667894724688655,-1.1683063210391,-924.710300442359,1128.71668296165,1151.45887669248,110.115498100095,1.10000000000964,0.0095592360644864,0.119356136238065,-1.61002535134713,-920.236270271128,1138.0152082968,976.752603762675,97.4180271358796,1.20000000001633,0.161411800361195,0.381252135912826,-1.88195850861174,-909.962776570702,1181.22758938142,800.62755909233,91.501015277578,1.20376026980397,0.377317444347452,0.728624187901005,-1.68428912306373,-877.46312797741,1256.30836657191,679.930731039951,49.691640287281,1.95775741949442,1.43510701344119,0.81914044222554,-1.16655656749404,-728.569189152606,1344.79291905719,612.54937484948,46.4517186756031,1.76170439885406,1.28144913175496,0.666465494087419,-0.444305673680362,-610.426952710265,1438.12204876882,604.011486474763
234.114747273867,1.10000000000199,0.460836930010487,0.0455199872535027,-0.928656922199751,-1093.66647085357,1027.98585697241,1778.42333145887,168.407367768147,1.17880082943801,0.742123150825964,0.0112092274845288,-1.00330358926101,-962.128535880441,1121.11238470077,1598.60468424972,145.257592104841,1.13854022486119,0.352072209144868,-0.118761979230119,-1.02754355936438,-926.035540259059,1139.51429942505,1438.05606472438,138.605978185447,1.10000000000387,0.226779346276957,-0.0954153051820872,-1.12982585313863,-917.650757922128,1134.06191325278,1285.52370737032,133.039909882538,1.10000000000587,0.0581558063810539,-0.0673797619423687,-1.15825971713723,-920.950358099985,1129.38903939837,1150.94298031529,110.085892323719,1.10000000000878,0.0280126295530265,0.12779485525101,-1.59233838800713,-914.150276741521,1139.69445331823,976.096049470975,97.4073793819334,1.2000000000168,0.189613936676387,0.391094427953754,-1.84887262485901,-900.731291674558,1183.89022661908,800.257184496724,91.5406380564478,1.20363317485665,0.427144283478757,0.722270871861682,-1.6340109070647,-865.745734477665,1259.21342412376,680.116388134889,49.6257551763911,1.95812706718535,1.44986585885434,0.779583559289522,-1.14668663732497,-715.693037418718,1347.27362322556,616.718621222291,46.7541262974193,1.74603903659978,1.28135424957837,0.614715463000479,-0.48278700715351,-595.256727311835,1437.28360026057,610.668877197658
234.153498534599,1.10000000000174,0.460915163230111,0.0457732771359922,-0.929400154363131,-1093.36959274527,1027.48646883907,1778.15339637068,168.586150939334,1.17955040366545,0.744918656135626,0.0112126144271186,-1.00231561085844,-962.003065647241,1120.34546796646,1597.91863989837,145.23040318503,1.1407428358138,0.356813873702095,-0.119899291461161,-1.02420280671829,-925.037213404403,1139.28210217449,1438.09984063711,138.61020972678,1.10000000000423,0.23924017196058,-0.0971270530468134,-1.12165919410347,-915.495163912891,1134.10529733244,1285.21684508537,132.942001908971,1.10000000000533,0.0725758330413369,-0.0680596213929611,-1.14645299969297,-917.207825336839,1130.13355111967,1150.4461113347,110.05671406121,1.1000000000084,0.0471862664849905,0.135119777391783,-1.57168199608219,-908.031010629815,1141.45121433467,975.575311151018,97.3797036483851,1.20000000001658,0.218109067534992,0.39838150311378,-1.81447111908497,-891.501516604754,1186.55159374846,800.056789973617,91.5486602441234,1.20330340496111,0.476521676262141,0.711470622227768,-1.58329715411217,-854.497942587342,1261.99324453258,680.130306618953,49.5870030159389,1.96289105905959,1.47740186633668,0.742125676651551,-1.13193996754981,-702.895482191188,1349.60127049335,620.476789674895,47.1203524963203,1.7345140478455,1.28850242923125,0.572191047944494,-0.515035074229113,-580.719107290702,1436.12173106533,616.742180678618
234.190004208658,1.10000000000148,0.461027892589877,0.0460799127303867,-0.930172129476756,-1093.06958398781,1027.00308229634,1777.91475922782,168.764415488871,1.18055691240823,0.747875830962364,0.0113579268943498,-1.00136377549961,-961.554799505292,1119.81585123471,1597.61631359206,145.209245292496,1.14252426678668,0.361793718469064,-0.120853442385239,-1.02054339779294,-923.960825068692,1139.14476220651,1438.19101312452,138.604409980363,1.10000000000429,0.252012486334624,-0.0985846390468245,-1.11292443668725,-913.455497105003,1134.09793987915,1284.872545191,132.828056014264,1.10000000000537,0.0874931494211275,-0.0688733702351864,-1.13295114290304,-913.458882406476,1130.92776842604,1150.01056644262,110.022245552356,1.10000000001569,0.0671261273510999,0.141195768507109,-1.54826379767374,-901.903419480612,1143.27545141752,975.174088736965,97.3321678639583,1.20000000001502,0.246722635249141,0.403016257228581,-1.77939343616683,-882.285604268941,1189.22271510357,799.99760148954,91.6105427574716,1.20274341290805,0.524984440400683,0.696552515013782,-1.53340338472042,-843.43836451809,1264.55038077079,680.070854671675,49.5887106794457,1.96994957044675,1.51759603430418,0.707297672626832,-1.12138863541254,-690.180062251387,1351.68191384646,623.722118417855,47.4126581397687,1.73575232293882,1.30116780017689,0.538111032909335,-0.541813730701693,-566.476081635055,1434.5872738764,622.451015818125
234.225791172943,1.1000000000013,0.461186126528146,0.0464632192320095,-0.931007886198343,-1092.77230857738,1026.52689082258,1777.70003180532,168.993487240094,1.18097237036294,0.7509830601913,0.0116311475894279,-1.00048139932844,-960.907661252131,1119.42985792676,1597.52620620295,145.184834288381,1.14409085606809,0.366854572718681,-0.121604401220444,-1.01653383149925,-922.621669439809,1139.21269730592,1438.42870164657,138.582414367588,1.10000000000445,0.264310758058165,-0.0998213857802717,-1.10335842913318,-911.223038617334,1134.32958026798,1284.68928375551,132.69734026936,1.1000000000065,0.102890625899213,-0.0698751352906468,-1.11786412097473,-909.725786217312,1131.84670117043,1149.61144245178,109.974860042284,1.10000000003222,0.0877715276803415,0.145952196630497,-1.52237506768858,-895.76760559614,1145.16713964315,974.875600943928,97.2701807051916,1.20000000001222,0.275657091868567,0.404859136688695,-1.74341197129603,-873.11503460185,1191.86772382989,800.090147746116,91.8249677228877,1.20230906007205,0.571710610587039,0.678019529866298,-1.48552681135064,-832.451946743985,1266.82309397679,679.999991623854,49.6084113088574,1.97699487810829,1.56217564864918,0.675070381827159,-1.11456436133411,-677.599437998709,1353.55980562197,626.580495006478,47.5668643975847,1.74320876765138,1.31950501607751,0.512923892566203,-0.564775024473044,-552.826649487499,1432.74204591125,627.607154945904
234.260445351696,1.10000000000145,0.461386934875019,0.0469219056206092,-0.93187871009836,-1092.47113249866,1026.07516214487,1777.50900403702,169.24176379671,1.18111019420801,0.754225706910951,0.012014695426261,-0.999682041650259,-960.395062046767,1118.98965518539,1597.32062467587,145.161579962924,1.14549785738737,0.372064934989336,-0.122132698129674,-1.01218296384092,-921.417798080309,1139.2122862529,1438.64925970721,138.542554706429,1.10000000000487,0.275890021614134,-0.100840608676767,-1.09285996683737,-908.814833018775,1134.75110891123,1284.57835307136,132.546502120315,1.10000000000857,0.118666657439156,-0.0711433221439305,-1.10132912144183,-906.026882830975,1132.80310501894,1149.2324885593,109.911078637363,1.10000000005111,0.109161385827602,0.14935952474313,-1.49426236050608,-889.403313093645,1147.11310325432,974.658326645378,97.2004143128446,1.20000000000953,0.304664219043333,0.403959580081312,-1.70682071610853,-864.007940215851,1194.51994344998,800.289768024171,92.0868512030379,1.20246527169515,0.615846667564976,0.656409021936375,-1.44050403800965,-821.484420908801,1268.78827914434,679.86873693135,49.6439125888493,1.98275725707326,1.60169111409443,0.645379268798067,-1.11105504411073,-665.495131301,1355.10114038856,629.032644142286,47.6794163331811,1.74224386120641,1.3436838750277,0.497475328380135,-0.586975316433865,-539.596199106068,1430.61032410588,632.447790446988
234.294846212979,1.10000000000193,0.461627756441269,0.0474365756955568,-0.93274910299487,-1092.16771313509,1025.65242605014,1777.34559839763,169.48810854581,1.18142658228199,0.757608630275911,0.0124919989355532,-0.998969136984367,-959.767460544477,1118.64086851111,1597.28708223381,145.144886498674,1.14702092566998,0.37762909032045,-0.122436617330156,-1.00750432364572,-920.209284199285,1139.24418470433,1438.90482075223,138.483913622081,1.10000000000558,0.287256646191358,-0.101623910296657,-1.0815349262407,-906.528481318961,1135.20091765305,1284.49767038439,132.378389180515,1.10000000001022,0.134637516432113,-0.0727485793203412,-1.08354511655838,-902.4075765729,1133.81699658141,1148.8654000544,109.83347099642,1.10000000006353,0.131296348889944,0.151449143184234,-1.46427080468168,-883.14165985386,1149.1008560918,974.516642175375,97.1190156124732,1.20000000000751,0.333299489948581,0.400505555935349,-1.67004942406069,-855.03315710843,1197.14405866326,800.580741462789,92.2521509024142,1.20326632460258,0.657047276669302,0.632158781815698,-1.39873345886656,-810.761772927725,1270.52110976132,679.681053467166,49.710815317798,1.98726317479974,1.63499745029828,0.617813343663056,-1.10944351479472,-653.530699818783,1356.37295686472,631.22091905918,47.6992734918377,1.73498825102157,1.37116729775171,0.487711451380954,-0.607401671923775,-526.858363203585,1428.25412764097,637.020699983776
234.330626904592,1.10000000000242,0.46194063045727,0.0479960768525204,-0.933633514882693,-1091.86725597489,1025.26280829022,1777.19930657854,169.722117480348,1.18224491703513,0.761034156968457,0.0130272618078264,-0.998317020837631,-959.227358462722,1118.24451302298,1597.1649140827,145.140808236602,1.14899020028408,0.383669885281127,-0.122524971065759,-1.00244983213735,-919.176966709461,1139.17777482842,1439.14458226768,138.40403088711,1.10000000000655,0.298589378906343,-0.102189636276954,-1.06955028329762,-904.262175406935,1135.66468238427,1284.55630004622,132.200966842237,1.10000000001024,0.150688620557295,-0.074713862719589,-1.06482859031348,-898.761306698998,1134.88443562251,1148.55674323267,109.747853484529,1.10000000006949,0.153896400602679,0.152227721664597,-1.43287377708864,-876.892229051213,1151.18721087424,974.411206234322,97.0187729961746,1.20000000000638,0.361383831947818,0.394773526137925,-1.63317682801533,-846.184745414964,1199.66863414471,800.891104336677,92.3189970301949,1.20437617459327,0.695109393422202,0.605787419308679,-1.36034831938802,-800.318816325769,1272.05049918478,679.388196339418,49.8375756750196,1.99036270830171,1.6669047105595,0.591506299142169,-1.1085140436492,-641.880503081321,1357.46132186404,633.085006916524,47.5197622881384,1.73282445542236,1.39874216633091,0.481530661477855,-0.626500323243101,-514.551306431903,1425.76782978666,641.491215116618
234.366604521034,1.10000000000264,0.462327670614651,0.0485964146727264,-0.934546784976247,-1091.57207193512,1024.90069470704,1777.08431552637,169.922461340361,1.18384846800964,0.764416907902546,0.0135885702149044,-0.997685521638297,-958.536157233888,1117.96087018931,1597.25737956491,145.142670223592,1.15154453912673,0.389927833188376,-0.122448183807926,-0.996971181210767,-917.841759116239,1139.30146338578,1439.49945144871,138.304213070172,1.10000000000815,0.309918487768783,-0.102603172017951,-1.05699502389794,-902.037963348134,1136.17294219288,1284.68593123981,132.014486319713,1.10000000000958,0.16666503693029,-0.0770132396167324,-1.04541481029551,-895.082104861951,1135.99367513111,1148.29683971668,109.661509401602,1.10000000006947,0.176344580536281,0.151759534881894,-1.40061099077586,-870.691006672829,1153.24865717582,974.376125847944,96.9022029097776,1.20000000000596,0.388793027161989,0.386993251503192,-1.59652076386587,-837.490474457621,1202.05758943711,801.239653642402,92.374710735406,1.20552805860668,0.729568868042395,0.577880452048854,-1.32546117667742,-789.918538249801,1273.29609642535,679.215911346193,50.0273927618164,1.99224174778528,1.69104757930771,0.565035232526026,-1.10730824381846,-630.664399472247,1358.22455844065,634.908837156672,47.1842956838431,1.73658670412462,1.42444204179984,0.474219083312831,-0.64220069435985,-502.684384667036,1423.21995177344,645.951549324902
234.399183404697,1.1000000000026,0.462779275431301,0.0492193662805517,-0.935458905284071,-1091.27734097624,1024.55924679007,1777.00216602031,170.049223583707,1.18667921596811,0.76772717062593,0.0141479880955896,-0.997044081377413,-957.531672715871,1117.89787572546,1597.73558128896,145.165182832071,1.15414286254185,0.395950268653182,-0.122276358508141,-0.991140239279881,-916.751510512198,1139.25837995238,1439.77749734102,138.187760142901,1.10000000001023,0.32118106597148,-0.102968300815799,-1.0439733144757,-899.806215043732,1136.69759104639,1284.80066749654,131.800317824873,1.10000000000876,0.182267966417191,-0.0796468066212967,-1.02514542209565,-891.361675113001,1137.13189376855,1148.0988631586,109.583745043826,1.10000000006062,0.198075381567752,0.150207675906227,-1.36806945651534,-864.539981005326,1155.33554660832,974.370872770559,96.7788737326661,1.20000000000555,0.415144589654039,0.377339478658132,-1.56068786228678,-829.053639830766,1204.34420633409,801.654650930356,92.3967526413821,1.20672445677398,0.760172989272602,0.548819897970736,-1.29389046518273,-779.4478595315,1274.25387434944,679.280177916083,50.2740360878724,1.99305095670218,1.70905112568388,0.537236590168747,-1.10583300091762,-619.700722900333,1358.92693693953,636.659441805327,46.9836182790784,1.74216609538476,1.45066068081867,0.468935866671906,-0.654880241100167,-491.325065290097,1420.71423006648,650.393994957494
234.426333486202,1.10000000000242,0.463255567592727,0.0498374155855465,-0.936348646405665,-1090.98336517113,1024.24944340062,1776.944140615,170.123759165765,1.19038552230928,0.770928245550203,0.0146812063422955,-0.996369132272835,-957.091912320601,1117.49899816869,1597.58771189526,145.217099441553,1.15644958632837,0.401624827915019,-0.122093536742037,-0.985038721885922,-915.453181128223,1139.35398825373,1440.12064727498,138.052913822339,1.10000000001197,0.332193072014794,-0.103412468178432,-1.03070203684276,-897.641092244938,1137.22844917073,1284.8755202717,131.542340534034,1.1000000000073,0.197193959621407,-0.0826625417518297,-1.00357517000151,-887.600866699506,1138.28806887205,1147.97323972835,109.520181995117,1.10000000004153,0.218703220396512,0.147762641559348,-1.33585693496143,-858.485372469879,1157.41362887027,974.384781396929,96.6547828674313,1.20000000000529,0.440124084809324,0.366052140890839,-1.52613449404643,-820.862384465462,1206.46275831945,802.101777556283,92.302263814576,1.20794954303124,0.787136948653706,0.518812216461492,-1.26526144820909,-769.351685466631,1275.05565196728,679.264873487273,50.5777226361849,1.99368863554217,1.72650771417783,0.507432689906917,-1.10384184600454,-608.761911644613,1359.76724172083,638.310736262337,47.1101205745001,1.74768072454761,1.48315318966407,0.468808556162865,-0.664988886173108,-480.436761850137,1418.36893425766,654.705376031669
234.447824398097,1.10000000000222,0.463766090944833,0.0504224554319961,-0.937202919753544,-1090.69573430957,1023.96816721547,1776.90182477412,170.221693064066,1.19382567392592,0.774007146629154,0.0151714900331025,-0.995640807331697,-956.074134951514,1117.50246117722,1598.11979553603,145.289946376735,1.15856608396353,0.407084709158464,-0.121982542144938,-0.978694599017857,-914.267567824894,1139.37213063492,1440.41149737639,137.896157766609,1.1000000000125,0.342797906559061,-0.104061176595099,-1.01737592507453,-895.382745353823,1137.80233720992,1284.91577400236,131.246610269372,1.10000000000518,0.211385913256739,-0.0860574482171098,-0.980991513559484,-883.784746716088,1139.51080961359,1147.92043333201,109.47342226794,1.10000000002149,0.237887249455469,0.144571951152434,-1.30447834411919,-852.539282901829,1159.43548744275,974.480024310863,96.532994269724,1.20000000000527,0.463595491165135,0.353414375125668,-1.49314482971964,-812.938147377185,1208.42531502792,802.561867998313,92.1042480524325,1.20917928438949,0.811067007493572,0.488045136233611,-1.23918821482157,-759.313331233985,1275.69113851119,679.5282872223,50.9488705608488,1.99426345654068,1.74613322086015,0.475529815528862,-1.10119157253353,-598.326363213669,1360.38419634886,640.101568345904,47.4528294801725,1.76175035747057,1.51887710109233,0.474509625778992,-0.675750952758587,-470.099727332119,1416.29007648589,658.939628780114
234.464072170291,1.10000000000199,0.464273974558384,0.0509652221841228,-0.938007389769825,-1090.39106126791,1023.72740494081,1776.87874752123,170.405958666219,1.196011007812,0.777029934645175,0.0155977119214509,-0.994828662676128,-955.373255295508,1117.33020321192,1598.29595938058,145.364879121202,1.16072420007856,0.412428287107376,-0.122025692747346,-0.972147901710888,-913.068276889438,1139.40049229311,1440.77223198873,137.720305849165,1.10000000001209,0.352913965854083,-0.105090301950104,-1.00410162918532,-893.21312037681,1138.24543224887,1285.02159005615,130.934539903623,1.10000000000346,0.224805447906443,-0.0897991261766624,-0.958056384237765,-879.953716805347,1140.61138924093,1147.9284399103,109.442690198881,1.1000000000094,0.255564653598009,0.140845938780704,-1.27465251574489,-846.752863864509,1161.39908794264,974.625662517486,96.4196461896183,1.20000000000529,0.485529593579082,0.339766833405685,-1.46191503531484,-805.283238298564,1210.2575021293,803.055436897746,91.9111209585513,1.21040049133235,0.832485378416428,0.456832271145493,-1.21548759049412,-749.518820926044,1276.16249709117,679.965121760547,51.3882293833204,1.99479746890705,1.76806087034918,0.441227409515676,-1.09818296741279,-588.1215746931,1361.01982068167,641.806173859282,47.8978432148162,1.78002094107485,1.55225556433756,0.478069916759471,-0.688618564652735,-460.131659612607,1414.53710368223,662.999125102439
234.476149479935,1.10000000000179,0.464754236619907,0.0514599250947253,-0.938755511694912,-1090.09671445302,1023.50641842313,1776.88000353155,170.672394779068,1.19686407623758,0.780132647917266,0.0159405686449025,-0.993923824554482,-954.926285053583,1117.04128236801,1598.19194896055,145.435853516265,1.16289025653133,0.417910966115328,-0.122290100219084,-0.96550415988463,-912.113358185536,1139.24840300224,1441.01902370937,137.528280064297,1.1000000000109,0.362607055044725,-0.106564984214421,-0.991043116212804,-890.854710988113,1138.82445138096,1285.37493953993,130.621915079277,1.1000000000029,0.23735940761615,-0.0938463613573304,-0.93534063300062,-876.094675642458,1141.57001482102,1148.05731183332,109.424836588662,1.10000000000568,0.271900980458107,0.136832081282777,-1.24679971548377,-841.100904027587,1163.25237103688,974.807659234599,96.3188290030416,1.20000000000543,0.50608451074845,0.325472706982779,-1.43271878538024,-797.883862483295,1211.91886770058,803.595929132126,91.752908185212,1.21201536886142,0.852105386429723,0.425450423744052,-1.19396416346566,-739.673376629686,1276.45356680588,680.767208540055,51.8882346557489,1.99487573493409,1.79104550849513,0.404431151029013,-1.09529324380953,-578.078165509484,1361.68340066074,643.685662159379,48.3767186332104,1.79885724003734,1.57617032215361,0.472857293119901,-0.706429455117935,-450.571234932611,1413.19524161436,666.946133442418
234.487627698629,1.10000000000165,0.465216381578338,0.0518942205267455,-0.939449725719667,-1089.79092245403,1023.32035168652,1776.87886353532,171.026932360755,1.1961936401688,0.783321429142745,0.0161910950127878,-0.99292895059732,-954.789823665457,1116.58635785683,1597.71310714056,145.502472773331,1.16491549360736,0.423569146583637,-0.122826812021943,-0.958889518166947,-911.016440500426,1139.18746145557,1441.31011477024,137.323252258237,1.10000000000881,0.371499184061519,-0.10867693175415,-0.978408103602095,-888.478671320999,1139.30077021494,1285.79332514865,130.324632708341,1.10000000000301,0.249016930218169,-0.0981550253585972,-0.913311696386063,-872.241747011529,1142.36679951759,1148.23315955557,109.409312095373,1.10000000000465,0.287150744781077,0.132760880407153,-1.22107001355081,-835.634247554986,1165.00723707979,975.052005208176,96.2277867082284,1.20000000000612,0.525456940878457,0.310829323660559,-1.40573831927129,-790.745864266156,1213.44094547367,804.187064564265,91.5355711520188,1.21392417465102,0.870252852850569,0.39397899317939,-1.17433930844949,-730.134458117651,1276.72290892085,681.681163202201,52.404406983389,1.99321176425272,1.81103895984604,0.365480966132921,-1.09241679113703,-568.308803953284,1362.29869997261,645.682832863004,48.8719319047636,1.81592156150189,1.58594348937024,0.453776934006627,-0.730341665888915,-441.445473373701,1412.33693321221,670.864551568105
234.502968281671,1.10000000000155,0.465672957919291,0.0522590694696247,-0.940082727795241,-1089.45305232094,1023.1141812728,1776.89721461097,171.532310378914,1.19308533018554,0.786479985128403,0.0163455641972846,-0.991826181209911,-954.491902335923,1116.1948275582,1597.42716914155,145.564132276921,1.16662211239158,0.429277419424987,-0.123652576628624,-0.952420464442368,-909.850044846381,1139.10149664318,1441.61207754344,137.119045274856,1.10000000000581,0.379046093803085,-0.111708894281625,-0.966390429933648,-886.12575177874,1139.64049327792,1286.21788170911,130.068512499193,1.10000000000313,0.259951831249745,-0.102621272670192,-0.89275580453976,-868.445581305465,1142.99213749554,1148.40140883985,109.385103792738,1.10000000000446,0.301636563882807,0.128781944424068,-1.19746211660608,-830.384239376288,1166.51646494591,975.357459451181,96.1410358185427,1.20000000000736,0.543876797941427,0.29608249164141,-1.38099611075901,-783.718933647654,1214.83737180324,804.820521598698,91.2119340826381,1.21605492505121,0.886867074180416,0.362586296283958,-1.15643731785026,-720.896428580188,1276.98003420672,682.607480466325,52.8701314291172,1.98861803551289,1.82736251162579,0.325109791103764,-1.08969919519527,-558.70714514851,1362.91344111518,647.714299233701,49.3538596021047,1.8342621970066,1.57950195375588,0.415244725843883,-0.759887484550535,-432.41183788228,1411.71648918858,674.41713113786
234.524194303862,1.1000000000014,0.466141784164138,0.0525581709476614,-0.94065886003606,-1089.10302270156,1022.92189295923,1776.93119251576,172.203277323261,1.18734960739419,0.789518429440995,0.0163876049015456,-0.99060862598462,-954.292355706586,1115.7514889929,1597.03165466335,145.622480152749,1.16796402180393,0.434950758376598,-0.124743553267841,-0.946260727026438,-908.66652695671,1139.00094659009,1441.91543346784,136.942764846217,1.10000000000312,0.385626378047908,-0.115499298431254,-0.955118604773059,-883.74861600699,1139.92192857116,1286.71320982579,129.880382696698,1.10000000000289,0.270468453909643,-0.107121468160456,-0.874617702211874,-864.642467164033,1143.49518502927,1148.62229439181,109.348113298597,1.10000000000483,0.315592671475404,0.124995863758033,-1.17600980141021,-825.303866890757,1167.89482978599,975.720585905749,96.0588099466913,1.20000000000873,0.561628328644344,0.281522419399212,-1.35844036522876,-776.901944488305,1216.09381000646,805.499019112194,90.8642920246639,1.21832011428034,0.902050581543486,0.33162844361954,-1.14030374491019,-711.87472009141,1277.15344630347,683.664195216121,53.2565135425173,1.98256269295149,1.83949907203339,0.284115513274056,-1.08731424407023,-549.330980047483,1363.51083884281,649.798013294521,49.8448534469568,1.85267393947949,1.56654022546004,0.364412275468487,-0.790221418215326,-423.704822247952,1411.43304003086,677.784488181348
234.549293188467,1.10000000000121,0.466594912656176,0.0527950996409527,-0.941178409161143,-1088.74083359589,1022.7434867458,1776.98079724969,172.865260409143,1.18121884343317,0.792393778674251,0.0163058734886556,-0.989297347938101,-954.191183777446,1115.25634216094,1596.52656370595,145.681950062003,1.16894577714616,0.440546113134299,-0.126039657985423,-0.940575048575496,-907.465886831412,1138.88581129631,1442.22018254345,136.831939713067,1.10000000000161,0.391874766255131,-0.119643880705276,-0.944698474805523,-881.347264005749,1140.14507609468,1287.27930949871,129.776440615011,1.10000000000245,0.280846018213313,-0.111569378795203,-0.859544813191392,-860.832404587232,1143.87594211877,1148.89581621144,109.298514642417,1.10000000000593,0.329046109456372,0.121528761854782,-1.15672754463776,-820.393130098395,1169.14233160005,976.141384571881,95.9903065164352,1.20000000001016,0.578946733543027,0.267383932795935,-1.33797016485156,-770.294896788111,1217.21026008334,806.222557104752,90.6264621062701,1.22042285361828,0.915978459725322,0.30139762444944,-1.12591824626083,-703.069332651318,1277.24314521111,684.851307451588,53.5921619890949,1.97877514201414,1.84705099174288,0.243060616449917,-1.08626700559893,-540.180308650204,1364.09089315552,651.933975045464,50.344027671449,1.87097258594953,1.55296966472651,0.30805145650431,-0.818190470210437,-415.324426470718,1411.48658573905,680.96662269857
234.57564910597,1.10000000000101,0.466985239470829,0.0529574211545622,-0.941627265613903,-1088.36648500392,1022.57896263254,1777.04602881275,173.417511770028,1.17615902433527,0.794858836010568,0.0160609942455153,-0.987883819789627,-954.188386548502,1114.70938706232,1595.91189626935,145.743930849528,1.16968447540403,0.445832840868197,-0.1275227504712,-0.935636880153916,-906.248124470487,1138.75609076183,1442.52632477026,136.777204671183,1.1000000000011,0.397791821672593,-0.123920002201663,-0.935755929960425,-878.921695775017,1140.30993584846,1287.91618072786,129.729925910018,1.10000000000194,0.291138774711307,-0.115869068531013,-0.847907706399379,-857.015393575062,1144.13440876404,1149.22197429875,109.240590540626,1.10000000000771,0.341788764716841,0.1186166599216,-1.14005482016674,-815.652028999201,1170.25897038806,976.619855449577,95.9355786227034,1.20000000001174,0.596130529285437,0.254015128539263,-1.31984994678355,-763.89779054707,1218.18672203388,806.991135576374,90.4870088764172,1.22177510739849,0.928195048401613,0.272316915147515,-1.11356892194122,-694.480266259911,1277.24913092964,686.168817172727,53.920895786539,1.97791391601341,1.84970939422643,0.2029263389459,-1.08834630606225,-531.255130956673,1364.65360405329,654.122184486529,50.844442907646,1.89207046471793,1.54986186421377,0.264321990028607,-0.839380507292925,-407.270650550577,1411.87712631315,683.963534689525
234.602246277425,1.10000000000084,0.4673688198567,0.0531145756618593,-0.942073702257647,-1087.97997692566,1022.42832061942,1777.12688720495,173.896252516169,1.17190090461173,0.797293087653929,0.0158087646460195,-0.986462638082025,-954.283964019756,1114.11062369705,1595.18765235356,145.807223412519,1.17028396949335,0.451080558199702,-0.129015592431413,-0.93073981120964,-905.013239873936,1138.61178498667,1442.83386014827,136.748808025035,1.10000000000089,0.403523103102792,-0.128249292011003,-0.926922488525247,-876.471911314795,1140.41650783251,1288.62382351324,129.703922624248,1.10000000000147,0.301355866338428,-0.120138527881133,-0.836403372772742,-853.191434127523,1144.27058496508,1149.60076865374,109.177978526447,1.10000000000977,0.3543980601474,0.115710965372088,-1.12353244719818,-811.080563593176,1171.24474615005,977.155998538836,95.8873473168979,1.20000000001354,0.613099241439172,0.240617697861528,-1.30197554543398,-757.710625765184,1219.02319585808,807.804754527058,90.3844256442918,1.22252169646729,0.940108625364862,0.243285012212079,-1.10152782522763,-686.10752091719,1277.17140345905,687.616724379537,54.2414312188343,1.9780936935891,1.8516846612751,0.162884551033483,-1.09063401455452,-522.55544696689,1365.19897153613,656.362641617717,51.3518121107811,1.90410239469329,1.54388087922514,0.230887010736635,-0.855211212825401,-399.54349448753,1412.60466175315,686.775224154213
234.628854382477,1.10000000000069,0.467749000873604,0.0532662545036087,-0.942512344548241,-1087.58130936111,1022.29156070645,1777.2233724263,174.381550292554,1.16756899975837,0.799662282653283,0.015540982930512,-0.985032672920923,-954.477916191207,1113.46005206511,1594.35383195857,145.87039955722,1.17084774904333,0.456253662095872,-0.130521940318389,-0.925904403928938,-903.761233041757,1138.4528939708,1443.14278867749,136.724512650044,1.10000000000063,0.409157039198306,-0.13260627209215,-0.918195932752365,-873.997910625081,1140.46479204682,1289.40223785486,129.677899562626,1.10000000000099,0.311519572909856,-0.12437633157006,-0.825166642716648,-849.360526244615,1144.28447072189,1150.0321992764,109.1143890016,1.10000000001176,0.366862614294536,0.112827520620167,-1.10722589511017,-806.678733880319,1172.099658886,977.749813839659,95.8388058558752,1.20000000001539,0.629804817641002,0.227240605054963,-1.28442017548204,-751.733402442452,1219.71968155594,808.663413956805,90.288198917921,1.22333061131258,0.951686889802402,0.214384187014447,-1.08983679246532,-677.951096623155,1277.00996279934,689.195029072019,54.5533558768193,1.97811659457898,1.8533142726608,0.123145778398683,-1.09308369674543,-514.081256680855,1365.72699560404,658.655346439027,51.8625256902777,1.90186324055628,1.51732995631521,0.204881539949629,-0.86816482913556,-392.142958281576,1413.66919205907,689.401691092634
234.655609771218,1.10000000000057,0.468120038627966,0.0534104568783871,-0.942938482431383,-1087.17048231027,1022.16868289364,1777.33548447678,174.857761705029,1.16333056837208,0.801956190048979,0.0152536186257382,-0.9835945468602,-954.770243062855,1112.75767216651,1593.41043508438,145.933736441499,1.1713518658437,0.461342452881966,-0.132038691025502,-0.92115504698505,-902.492103973953,1138.27941771424,1443.45311035791,136.709178965004,1.10000000000039,0.414799201073705,-0.1369222618177,-0.909612086849722,-871.499693705877,1140.45478849141,1290.25142375271,129.657071378548,1.10000000000051,0.321663237483934,-0.128579300784496,-0.814317147255111,-845.522669926339,1144.17606603448,1150.51626616674,109.048917971326,1.10000000001374,0.379142965567539,0.109985162695897,-1.09120263136099,-802.44653986063,1172.82370859591,978.401301352046,95.7914516049253,1.20000000001733,0.646244730939104,0.213927390180073,-1.26722083761183,-745.966120578873,1220.27617912746,809.567113865615,90.2047270118203,1.22405898169883,0.962912335295975,0.185695530504044,-1.07851727714029,-670.010993377804,1276.76480895052,690.903731250172,54.8562274731893,1.97821997489792,1.8547661276681,0.0838957545726781,-1.09588148310351,-505.832560098568,1366.23767625702,661.000298950461,52.3774473085684,1.88671262627844,1.4875330706704,0.177960561560793,-0.881115955266175,-385.069041932716,1415.07071723089,691.842935504788
