Name,Estimate,SE,tStat,DF,pValue,Lower,Upper,Significant,IsInteraction
(Intercept),0.0550387994885246,0.000210106363284659,261.956842373005,17458343,0,0.0546269985550144,0.0554506004220349,1,0
betaGenerated,0.0769434286007418,0.000216067164216855,356.108846430353,17458343,0,0.0765199447112754,0.0773669124902081,1,0
VGF,0.00702102348964122,0.000212698894661396,33.0092147437732,17458343,5.99073704655035e-239,0.00660414128765149,0.00743790569163094,1,0
samplingRate,4.69176480299444e-05,1.30200594532491e-06,36.0348953846261,17458343,2.37803840390251e-284,4.43657630925316e-05,4.94695329673571e-05,1,0
filterType_6,0.0091961844855346,0.00029713526849171,30.9494881984741,17458343,2.5812417161259e-210,0.00861381002037893,0.00977855895069027,1,0
regressionType_4,0.0114753199155091,0.000297135268497407,38.6198514014811,17458343,0,0.0108929454503422,0.0120576943806759,1,0
regressionType_5,0.00322215524643968,0.000297355417960959,10.836040145274,17458343,2.32310162003967e-27,0.00263934929622315,0.00380496119665621,1,0
noiseMagnitude,0.00160681734446148,0.000210133838465778,7.64663776283376,17458343,2.06302422807915e-14,0.00119496256058207,0.00201867212834089,1,0
noiseColor,-0.0120465647927118,0.000210092100204962,-57.3394467519691,17458343,0,-0.0124583377710976,-0.011634791814326,1,0
betaGenerated:VGF,0.00438401152462412,0.000222159249662157,19.7336439121531,17458343,1.10882285829186e-86,0.00394858736626645,0.00481943568298179,1,1
betaGenerated:samplingRate,9.55672405409159e-05,1.31176360416174e-06,72.854011376529,17458343,0,9.29962309422836e-05,9.81382501395482e-05,1,1
VGF:samplingRate,2.8155838475313e-05,1.30516681095162e-06,21.5725976473338,17458343,3.24926021459745e-103,2.55977583546824e-05,3.07139185959436e-05,1,1
betaGenerated:filterType_6,0.00549575489529274,0.000305565114059941,17.9855442994538,17458343,2.52893250859604e-72,0.00489685823528264,0.00609465155530284,1,1
VGF:filterType_6,0.00237314836413921,0.000300801660945128,7.88941243436857,17458343,3.03612576328677e-15,0.00178358790132346,0.00296270882695497,1,1
samplingRate:filterType_6,-1.30448925186675e-05,1.84131446650393e-06,-7.08455440717608,17458343,1.39492402074143e-12,-1.66538028074289e-05,-9.43598222990603e-06,1,1
betaGenerated:regressionType_4,-0.0131630038756696,0.000305565114017487,-43.0775742119444,17458343,0,-0.0137619005355965,-0.0125641072157427,1,1
betaGenerated:regressionType_5,-0.0122661313832669,0.000305954880219066,-40.0913081513335,17458343,0,-0.0128657919709642,-0.0116664707955695,1,1
VGF:regressionType_4,-0.00415798752258531,0.000300801661532576,-13.8230204627211,17458343,1.85135570642668e-43,-0.00474754798655244,-0.00356842705861818,1,1
VGF:regressionType_5,-0.00219179312373008,0.00030100460137481,-7.2815934165766,17458343,3.2990008321893e-13,-0.00278175134250659,-0.00160183490495356,1,1
samplingRate:regressionType_4,-5.27397888920663e-06,1.84131446650393e-06,-2.86428989665888,17458343,0.00418195777127929,-8.88285695337572e-06,-1.66510082503753e-06,1,1
samplingRate:regressionType_5,-8.17315464285803e-06,1.84260898572019e-06,-4.43572407003975,17458343,9.20011219519892e-06,-1.17851521038584e-05,-4.56118847733767e-06,1,1
filterType_6:regressionType_4,-0.00266699432944591,0.000420183895419534,-6.34718059869476,17458343,2.20483827437046e-10,-0.00349054834028855,-0.00184343031860327,1,1
filterType_6:regressionType_5,-0.000643094023820688,0.000420183895419534,-1.53052029700879,17458343,0.125843622148655,-0.00146663803466333,0.000180449987021951,0,1
betaGenerated:noiseMagnitude,0.0247818771148748,0.000222395474618441,111.432393178856,17458343,0,0.0243459793671419,0.0252177748626076,1,1
VGF:noiseMagnitude,0.000723610813127424,0.000218630386126017,3.31019088285696,17458343,0.000935263375050046,0.000295103421547378,0.00115211820470747,1,1
samplingRate:noiseMagnitude,-9.6272226082369e-05,1.30726948437875e-06,-73.6379534869741,17458343,0,-9.88343858143614e-05,-9.37100663503766e-05,1,1
filterType_6:noiseMagnitude,0.00249199695869044,0.000300801661095847,8.28395831165636,17458343,1.23072862978481e-16,0.00190243649338649,0.00308155742399439,1,1
regressionType_4:noiseMagnitude,0.0147625684282827,0.000300801661095847,49.0795764413017,17458343,0,0.0137713474898748,0.0157537893666905,1,1
regressionType_5:noiseMagnitude,0.010530553219006,0.000300932481225994,34.9935060993521,17458343,6.83756734226906e-268,0.00994073438736505,0.0111203720506469,1,1
betaGenerated:noiseColor,-0.0240534785987783,0.000222334826553476,-108.185897272756,17458343,0,-0.0244892460640296,-0.023617711133527,1,1
VGF:noiseColor,-0.00217218374948375,0.000218564580685469,-9.93840047636745,17458343,2.12938660088826e-23,-0.00259856543226498,-0.00174580206670252,1,1
samplingRate:noiseColor,-3.96838726756609e-05,1.30650540124261e-06,-30.3721745826567,17458343,1.28994601481063e-201,-4.22436253428408e-05,-3.71241200084811e-05,1,1
filterType_6:noiseColor,0.00198093001530079,0.000300801661095847,6.58566649213609,17458343,4.54255396555009e-11,0.00139180954999684,0.00257005048060474,1,1
regressionType_4:noiseColor,-0.023378888700337,0.000300801661095847,-77.7218131285064,17458343,0,-0.0239750891617449,-0.0227826882389291,1,1
regressionType_5:noiseColor,-0.0233217490892948,0.000300932481225994,-77.4985408516024,17458343,0,-0.0239096571529263,-0.0227338410256633,1,1
noiseMagnitude:noiseColor,-0.000601498555397897,0.000210133838465778,-2.86242810847601,17458343,0.00420313889671376,-0.00101336256701895,-0.000189634543776842,1,1
betaGenerated:VGF:samplingRate,2.4697800967527e-05,2.27558978148888e-06,10.8531462764286,17458343,2.00618011804376e-27,2.02378329225779e-05,2.91577729124761e-05,1,1
betaGenerated:VGF:filterType_6,-0.000710756671085461,0.000313086477929001,-2.27001261879499,17458343,0.0232095289396895,-0.00132439945802858,-0.000097114883942342,1,1
betaGenerated:samplingRate:filterType_6,-1.97791736978938e-05,1.91459543703869e-06,-10.3309609869578,17458343,5.11736547745785e-25,-2.35342789869765e-05,-1.60240684088111e-05,1,1
VGF:samplingRate:filterType_6,3.11898538699882e-06,1.88183879530003e-06,1.65745700862578,17458343,0.0975047649975278,-5.78028538234399e-07,6.81599931221204e-06,0,1
betaGenerated:VGF:regressionType_4,-0.00645367044505803,0.000313086477929001,-20.6143659454565,17458343,4.68278022946264e-94,-0.00706731153980065,-0.00584002935031542,1,1
betaGenerated:VGF:regressionType_5,-0.00367578558289791,0.000313481428979042,-11.7258034060576,17458343,9.70897888696038e-32,-0.0042800019264956,-0.0030715692393002,1,1
betaGenerated:samplingRate:regressionType_4,-2.53316764994752e-05,1.91459543703869e-06,-13.2315148803437,17458343,6.59461126742266e-40,-2.90840651498892e-05,-2.15792878490613e-05,1,1
betaGenerated:samplingRate:regressionType_5,-2.82082018696617e-05,1.9163534891538e-06,-14.7196540697895,17458343,1.62988143451573e-49,-3.19641285682744e-05,-2.44522751710489e-05,1,1
VGF:samplingRate:regressionType_4,-1.42397741059551e-05,1.88183879530003e-06,-7.5668272285065,17458343,3.87265736680025e-14,-1.79301219671047e-05,-1.05494262448054e-05,1,1
VGF:samplingRate:regressionType_5,-4.43891397568131e-06,1.88354965419565e-06,-2.35656949283716,17458343,0.0184585866574403,-8.13057929960048e-06,-7.47248651761436e-07,1,1
filterType_6:regressionType_4:samplingRate,6.8978018248063e-06,2.69200820397088e-06,2.56237083278073,17458343,0.010378289867226,1.62141101695635e-06,1.21741926306563e-05,1,1
filterType_6:regressionType_5:samplingRate,8.07804745706804e-06,2.69200820397088e-06,2.99993590576553,17458343,0.00271048249804786,2.80164231923748e-06,1.33544525948986e-05,1,1
betaGenerated:filterType_6:regressionType_4,-0.00126660484551506,0.000430877451561384,-2.93953018449093,17458343,0.00328302073048116,-0.00211113265056975,-0.000422077040460365,1,1
betaGenerated:filterType_6:regressionType_5,0.00111340459791568,0.000431292895694131,2.58164059451756,17458343,0.00982853025451447,0.000268055152063534,0.00195875404376782,1,1
VGF:filterType_6:regressionType_4,0.000613049218505818,0.000423876741543741,1.44623038614388,17458343,0.148139869618626,-0.000217739193180434,0.00144383763019207,0,1
VGF:filterType_6:regressionType_5,0.000460286143264621,0.000424318073028826,1.08482003278638,17458343,0.278089516067688,-0.000371369083622014,0.00129194137015126,0,1
betaGenerated:noiseMagnitude:samplingRate,-1.48640879001448e-04,1.31503490316026e-06,-113.006770131024,17458343,0,-1.51218358395434e-04,-1.46063399607463e-04,1,1
VGF:noiseMagnitude:samplingRate,-9.37419519989022e-06,1.29165543726099e-06,-7.25766234490337,17458343,4.10091064015266e-13,-1.19038476665543e-05,-6.84454333322609e-06,1,1
filterType_6:noiseMagnitude:samplingRate,2.96501090898785e-06,1.84131446650393e-06,1.61026432521406,17458343,0.107394882046618,-6.43740455099916e-07,6.57376227307562e-06,0,1
regressionType_4:noiseMagnitude:samplingRate,2.65785726200048e-05,1.84131446650393e-06,14.4348004553048,17458343,2.45895063059386e-47,2.29697004699982e-05,3.01874447700114e-05,1,1
regressionType_5:noiseMagnitude:samplingRate,2.17987892268893e-05,1.84260898572019e-06,11.8302011847432,17458343,2.83440034175434e-32,1.81903356827853e-05,2.54072427709933e-05,1,1
betaGenerated:noiseMagnitude:filterType_6,0.0151682777855088,0.000313086477929001,48.4469428985455,17458343,0,0.0145267811090684,0.0158097744619492,1,1
VGF:noiseMagnitude:filterType_6,0.00244218040558476,0.000307959636085501,7.93033367095756,17458343,2.17099988454834e-15,0.00183858552024437,0.00304577529092515,1,1
regressionType_4:noiseMagnitude:filterType_6,-0.00218700685699895,0.000423876741543741,-5.15956985888268,17458343,2.47854756424483e-07,-0.00301780045201756,-0.00135621326198034,1,1
regressionType_5:noiseMagnitude:filterType_6,-0.00208012099479717,0.000424318073028826,-4.90211697869265,17458343,9.50060803534178e-07,-0.00291178385213368,-0.00124845813746066,1,1
betaGenerated:noiseMagnitude:regressionType_4,-0.0122879578267897,0.000313086477929001,-39.2497834893892,17458343,0,-0.0128815265827374,-0.011694389070842,1,1
betaGenerated:noiseMagnitude:regressionType_5,-0.0116543601990432,0.000313481428979042,-37.1759673022779,17458343,0,-0.0122585944580341,-0.0110501259400523,1,1
VGF:noiseMagnitude:regressionType_4,-0.000968753386617264,0.000307959636085501,-3.14574699461843,17458343,0.00165467440832498,-0.00157230959414313,-0.000365197179091399,1,1
VGF:noiseMagnitude:regressionType_5,-0.00065978870699218,0.000308394867783127,-2.1396183047946,17458343,0.0323825219063082,-0.00126422155668955,-5.35534193148121e-05,1,1
betaGenerated:noiseColor:samplingRate,5.43948993706413e-05,1.31476957832553e-06,41.3728393636741,17458343,0,5.18199834091898e-05,5.69698153320928e-05,1,1
VGF:noiseColor:samplingRate,-1.33918879498497e-06,1.29098424186834e-06,-1.03656131716497,17458343,0.300073960174403,-3.86946853095026e-06,1.19109094098033e-06,0,1
filterType_6:noiseColor:samplingRate,-7.23219791064384e-06,1.84131446650393e-06,-3.92771455867399,17458343,8.56027249636655e-05,-1.08411592440509e-05,-3.62323757823678e-06,1,1
regressionType_4:noiseColor:samplingRate,1.01461397157918e-05,1.84131446650393e-06,5.51038742437063,17458343,3.58561741085344e-08,6.53744141526419e-06,1.37548380163194e-05,1,1
regressionType_5:noiseColor:samplingRate,1.51018993779419e-05,1.84260898572019e-06,8.19605527060427,17458343,2.52491427977827e-16,1.14905017527357e-05,1.87132970031481e-05,1,1
betaGenerated:noiseColor:filterType_6,-0.00472571949553524,0.000313086477929001,-15.0932023344025,17458343,1.48289905680027e-51,-0.00533951558527776,-0.00411192340579272,1,1
VGF:noiseColor:filterType_6,-0.000540777249718248,0.000307959636085501,-1.75598843748375,17458343,0.079179895847584,-0.00114436974022895,6.28152423644461e-05,0,1
regressionType_4:noiseColor:filterType_6,0.00120965720820247,0.000423876741543741,2.8538133095282,17458343,0.00431688617117836,0.000378964434757655,0.00204035098164729,1,1
regressionType_5:noiseColor:filterType_6,0.00122665505553791,0.000424318073028826,2.89100174060348,17458343,0.00384074773889684,0.000394980428580567,0.00205833968249525,1,1
betaGenerated:noiseColor:regressionType_4,0.00267869455481741,0.000313086477929001,8.55874447148065,17458343,1.15561601085849e-17,0.00206504346007489,0.00329234564955993,1,1
betaGenerated:noiseColor:regressionType_5,0.00304040090068614,0.000313481428979042,9.70479498001748,17458343,2.96490688862576e-22,0.00242597953289721,0.00365482226847507,1,1
VGF:noiseColor:regressionType_4,0.000807483619765497,0.000307959636085501,2.62202374218424,17458343,0.00873738289497116,0.000203887722077538,0.00141107951745346,1,1
VGF:noiseColor:regressionType_5,0.000558052803742217,0.000308394867783127,1.80944929695777,17458343,0.0704128918898523,-4.62144067408085e-05,0.00116231967489252,0,1
noiseMagnitude:noiseColor:samplingRate,1.96497803283978e-05,1.30726948437875e-06,15.0307869965753,17458343,5.12023993024694e-51,1.70695726312327e-05,2.22299880255628e-05,1,1
noiseMagnitude:noiseColor:filterType_6,-0.00165753082019703,0.000300801661095847,-5.51044534038485,17458343,3.57998183406736e-08,-0.00224709128549798,-0.00106797035489608,1,1
noiseMagnitude:noiseColor:regressionType_4,0.00614090555882427,0.000300801661095847,20.4142022264117,17458343,3.39451891716843e-92,0.0055517850935153,0.00673002602413323,1,1
noiseMagnitude:noiseColor:regressionType_5,0.00578009073044143,0.000300932481225994,19.2077946779491,17458343,5.08019068217756e-82,0.00519026229898369,0.00636991916189917,1,1
betaGenerated:VGF:samplingRate:filterType_6,-5.29148580491012e-06,2.7169882416042e-06,-1.94757619803832,17458343,0.0514014183424374,-1.05185641291374e-05,7.15590823555161e-08,0,1
betaGenerated:VGF:samplingRate:regressionType_4,-1.82736703600618e-05,2.71504264117506e-06,-6.72965695283783,17458343,2.41283437855399e-11,-2.35970357877591e-05,-1.29503049323645e-05,1,1
betaGenerated:VGF:samplingRate:regressionType_5,-1.3199547948218e-05,2.71699694484266e-06,-4.85839283920219,17458343,1.18527682124462e-06,-1.85244941001441e-05,-7.87460578039143e-06,1,1
betaGenerated:VGF:filterType_6:regressionType_4,0.000985618695015754,0.000435310547316765,2.26417940432741,17458343,0.0235631785540483,0.000132397476898547,0.00183883991313296,1,1
betaGenerated:VGF:filterType_6:regressionType_5,0.000212374978012524,0.000436133534521411,0.487002578706038,17458343,0.626267494847637,-0.000642430591067042,0.00106717954709209,0,1
betaGenerated:samplingRate:filterType_6:regressionType_4,1.64649826803041e-05,2.79200447296218e-06,5.89683148148783,17458343,3.73266524133073e-09,1.09942598047451e-05,2.19357055558632e-05,1,1
betaGenerated:samplingRate:filterType_6:regressionType_5,4.80685497424208e-06,2.79589285869547e-06,1.71929034948199,17458343,0.0855291234985956,-7.66975048516753e-07,1.03806604336117e-05,0,1
VGF:samplingRate:filterType_6:regressionType_4,6.83183285047073e-07,2.74625890716516e-06,0.248779498316069,17458343,0.803536060988199,-4.70815126782028e-06,6.07451783791442e-06,0,1
VGF:samplingRate:filterType_6:regressionType_5,-7.46012344060891e-07,2.74841419093484e-06,-0.27145139441026,17458343,0.786014819344734,-6.13365165556024e-06,4.64162696743845e-06,0,1
betaGenerated:noiseMagnitude:samplingRate:filterType_6,4.84813695820217e-05,2.71966753636716e-06,17.826745803617,17458343,5.45793085524624e-71,4.31504175499597e-05,5.38123216140836e-05,1,1
betaGenerated:noiseMagnitude:samplingRate:regressionType_4,3.96069516817174e-05,2.73018521617073e-06,14.5068889249428,17458343,9.39474454494897e-48,3.42582310548671e-05,4.49556723085676e-05,1,1
betaGenerated:noiseMagnitude:samplingRate:regressionType_5,3.86386869461213e-05,2.73212716100636e-06,14.1423011760063,17458343,1.42437413100568e-45,3.32859434892049e-05,4.39914303030376e-05,1,1
VGF:noiseMagnitude:samplingRate:filterType_6,-2.12800834083413e-06,2.67268832726327e-06,-0.795764038779949,17458343,0.426073009866266,-7.36636455296576e-06,3.11034787129749e-06,0,1
VGF:noiseMagnitude:samplingRate:regressionType_4,1.15988047476621e-05,2.68856680741001e-06,4.31402649891408,17458343,1.60316162285247e-05,6.32888867381124e-06,1.68687208215129e-05,1,1
VGF:noiseMagnitude:samplingRate:regressionType_5,9.34127988568454e-06,2.69109756254895e-06,3.47148494462044,17458343,5.17213578451478e-04,4.06879266831977e-06,1.46137671030493e-05,1,1
betaGenerated:noiseMagnitude:filterType_6:regressionType_4,-0.00416289990310985,0.000435310547316765,-9.56295793060065,17458343,1.24499175573803e-21,-0.00501610913765872,-0.00330969066856097,1,1
betaGenerated:noiseMagnitude:filterType_6:regressionType_5,-0.00334413018264843,0.000436133534521411,-7.66984124183892,17458343,1.72070474523688e-14,-0.00419993061390494,-0.00248832975139193,1,1
VGF:noiseMagnitude:filterType_6:regressionType_4,-0.000488400073791434,0.000427797621682478,-1.14155474133434,17458343,0.253564764327261,-0.00132688029010684,0.000350080142523972,0,1
VGF:noiseMagnitude:filterType_6:regressionType_5,7.1408978264817e-05,0.000428632756261768,0.166603099022624,17458343,0.86768030200685,-0.000769701255617866,0.000912519212145,0,1
betaGenerated:noiseMagnitude:regressionType_4:noiseColor,0.00175432756534272,0.000313086477929001,5.60640820461265,17458343,2.07823640186524e-08,0.00114218647060019,0.00236646866008524,1,1
betaGenerated:noiseMagnitude:regressionType_5:noiseColor,0.00149456040217272,0.000313481428979042,4.7680244940754,17458343,1.87267003316905e-06,0.000880139155365768,0.00211098164897967,1,1
VGF:noiseMagnitude:regressionType_4:noiseColor,-8.02449455785553e-05,0.000307959636085501,-0.260566316988093,17458343,0.794444977413455,-0.000683845140629695,0.000523355249472584,0,1
VGF:noiseMagnitude:regressionType_5:noiseColor,2.07272046714284e-05,0.000308394867783127,0.0672166124046449,17458343,0.946404126804476,-0.000583702155803977,0.000625156565146834,0,1
betaGenerated:noiseColor:samplingRate:filterType_6,2.16847049803124e-05,2.72163427003025e-06,7.96768700694891,17458343,1.64128100266875e-15,1.73505455847882e-05,2.60188643758365e-05,1,1
betaGenerated:noiseColor:samplingRate:regressionType_4,-1.70819660625867e-05,2.73312050218018e-06,-6.25060248217866,17458343,4.13126261218068e-10,-2.24347659668093e-05,-1.17291661583641e-05,1,1
betaGenerated:noiseColor:samplingRate:regressionType_5,-2.03918898175726e-05,2.73507234041705e-06,-7.45564754350568,17458343,9.09019636777286e-14,-2.57524476614756e-05,-1.50313319736697e-05,1,1
VGF:noiseColor:samplingRate:filterType_6,1.41600640994375e-06,2.67121175985024e-06,0.530038148095396,17458343,0.596240064764843,-3.89950697283827e-06,6.73152079272576e-06,0,1
VGF:noiseColor:samplingRate:regressionType_4,6.29386765551093e-06,2.68706688044867e-06,2.34264498855026,17458343,0.0191463671649254,1.02727660591163e-06,1.15604587051102e-05,1,1
VGF:noiseColor:samplingRate:regressionType_5,6.58699064618049e-06,2.68955943698804e-06,2.45012892316975,17458343,0.0142748940374524,1.31477313427547e-06,1.18592081580855e-05,1,1
betaGenerated:noiseColor:filterType_6:regressionType_4,0.00063929413481437,0.000435310547316765,1.46853474773501,17458343,0.142024095832283,-0.000213900561882551,0.00149248883151129,0,1
betaGenerated:noiseColor:filterType_6:regressionType_5,-0.000188892494325756,0.000436133534521411,-0.433118064660938,17458343,0.665031618516726,-0.00104369702478532,0.000665912036133804,0,1
VGF:noiseColor:filterType_6:regressionType_4,-6.12474834286428e-05,0.000427797621682478,-0.143176893619497,17458343,0.886176843929046,-0.000899728498044437,0.000777233531187151,0,1
VGF:noiseColor:filterType_6:regressionType_5,-1.51477948316804e-04,0.000428632756261768,-0.353410162015617,17458343,-0.000991576131268553,0.000688620234635146,0.000688620234635146,0,1
noiseMagnitude:noiseColor:samplingRate:filterType_6,1.9614793494286e-06,2.67268832726327e-06,0.733880011765491,17458343,0.462934049637079,-3.28247685093501e-06,7.20543554979221e-06,0,1
noiseMagnitude:noiseColor:samplingRate:regressionType_4,-7.56476609278817e-06,2.68856680741001e-06,-2.81349283131476,17458343,0.00490249929459527,-1.28282289668168e-05,-2.30730527557955e-06,1,1
noiseMagnitude:noiseColor:samplingRate:regressionType_5,-7.58741020395619e-06,2.69109756254895e-06,-2.82003754726453,17458343,0.00480655483534661,-1.28618636019523e-05,-2.31295426596007e-06,1,1
noiseMagnitude:noiseColor:filterType_6:regressionType_4,0.000408561131386507,0.000427797621682478,0.955030979019498,17458343,0.339679264068754,-0.000429917753893936,0.00124703201666695,0,1
noiseMagnitude:noiseColor:filterType_6:regressionType_5,0.000395839200710505,0.000428632756261768,0.923447527665568,17458343,0.355829393547117,-0.000444268640943534,0.00123594704236454,0,1
betaGenerated:VGF:noiseMagnitude:samplingRate,4.53148248481099e-06,2.30239892867578e-06,1.96815009793684,17458343,0.0490444285960217,1.3025688285009e-08,9.04970127875128e-06,1,1
betaGenerated:VGF:noiseMagnitude:filterType_6,-0.000698481684124374,0.000316503571116456,-2.20700076574898,17458343,0.0272990060720001,-0.00131882150710892,-7.81362175826542e-05,1,1
betaGenerated:VGF:noiseMagnitude:regressionType_4,-0.000831046718756286,0.000316503571116456,-2.62565009060988,17458343,0.00865271813756124,-0.00145137966054948,-0.000210713777963091,1,1
betaGenerated:VGF:noiseMagnitude:regressionType_5,-0.000299660283395148,0.000317028553742024,-0.94523989003985,17458343,0.344553765988268,-0.000921023124773889,0.000321702558,0,1
VGF:noiseMagnitude:noiseColor:samplingRate,-4.44948773001339e-06,1.3072836898028e-06,-3.40364893671527,17458343,0.000663521978498567,-7.01155302153834e-06,-1.88742243848844e-06,1,1
VGF:noiseMagnitude:noiseColor:filterType_6,-0.000197625820673432,0.000307959636085501,-0.641731773025849,17458343,0.521060068703254,-0.000801226101441795,0.000406274460094932,0,1
VGF:noiseMagnitude:noiseColor:regressionType_4,0.000576049046344543,0.000307959636085501,1.86986117028017,17458343,0.0615309875895131,-2.75381050562855e-05,0.00117963914324537,0,1
VGF:noiseMagnitude:noiseColor:regressionType_5,0.000258988225393432,0.000308394867783127,0.839876462673753,17458343,0.401123804432785,-0.000345443839221897,0.000863420289008762,0,1
betaGenerated:VGF:noiseColor:samplingRate,1.26501063993394e-05,2.30435513025791e-06,5.48943029614979,17458343,3.98534703929427e-08,7.63595628090378e-06,1.7664255977575e-05,1,1
betaGenerated:VGF:noiseColor:filterType_6,0.000373399038614888,0.000316503571116456,1.17980462764029,17458343,0.238020399449534,-0.000246944940086524,0.000993742917316301,0,1
betaGenerated:VGF:noiseColor:regressionType_4,0.000445993714960127,0.000316503571116456,1.40913754131384,17458343,0.158832069397929,-0.000174350806658671,0.00106633623657893,0,1
betaGenerated:VGF:noiseColor:regressionType_5,-1.82416897064217e-05,0.000317028553742024,-0.0575374024477619,17458343,0.954118117419082,-0.000639603756218042,0.000603120376805199,0,1
betaGenerated:noiseMagnitude:noiseColor:samplingRate,6.20979688280127e-05,2.72360044994474e-06,22.7989773213065,17458343,1.81918543296048e-115,5.6759601063637e-05,6.74363366,0,1
betaGenerated:noiseMagnitude:noiseColor:samplingRate,6.20979688280127e-05,2.72360044994474e-06,22.7989773213065,17458343,1.81918543296048e-115,5.67596010636365e-05,6.74363365923888e-05,1,1
betaGenerated:noiseMagnitude:noiseColor:filterType_6,-0.00240095367459918,0.000316503571116456,-7.58566069765779,17458343,3.24839327064558e-14,-0.00302128867338864,-0.00178061867580973,1,1
betaGenerated:noiseMagnitude:noiseColor:regressionType_4,-0.00138428060540929,0.000316503571116456,-4.37390720960716,17458343,1.22098516867029e-05,-0.00200461560419875,-0.000763945606619836,1,1
betaGenerated:noiseMagnitude:noiseColor:regressionType_5,-0.00117427741614509,0.000317028553742024,-3.70381283027327,17458343,0.000212550765047626,-0.00179564340187344,-0.000552911430416744,1,1
betaGenerated:VGF:samplingRate:filterType_6:regressionType_4,7.11048834498085e-06,2.81830375777454e-06,2.52304777049571,17458343,0.0116298143462779,1.58701118113059e-06,1.26339654888311e-05,1,1
betaGenerated:VGF:samplingRate:filterType_6:regressionType_5,1.28419855186217e-06,2.82218558217507e-06,0.455042684011754,17458343,0.649199025695117,-4.24704649432714e-06,6.81543959805148e-06,0,1
betaGenerated:noiseMagnitude:samplingRate:filterType_6:regressionType_4,-2.46760427782289e-05,2.82167768283956e-06,-8.74538695617408,17458343,2.17071386278524e-18,-3.01884749059754e-05,-1.91636106504824e-05,1,1
betaGenerated:noiseMagnitude:samplingRate:filterType_6:regressionType_5,-1.66875040803386e-05,2.82557344501481e-06,-5.90593869034042,17458343,3.50001501067148e-09,-2.22256480124447e-05,-1.11493601482326e-05,1,1
VGF:noiseMagnitude:samplingRate:filterType_6:regressionType_4,-1.81100671127007e-06,2.77316064649396e-06,-0.653087399534046,17458343,0.513706068479843,-7.24638082685239e-06,3.62436740431226e-06,0,1
VGF:noiseMagnitude:samplingRate:filterType_6:regressionType_5,-2.25785831832009e-06,2.7785651619376e-06,-0.812619261600978,17458343,0.416456394614584,-7.70380823786957e-06,3.18809160122938e-06,0,1
betaGenerated:noiseColor:samplingRate:filterType_6:regressionType_4,-4.46047498459278e-06,2.82167768283956e-06,-1.58078949090003,17458343,0.113861895574453,-9.9909734369443e-06,1.06902346775875e-06,0,1
betaGenerated:noiseColor:samplingRate:filterType_6:regressionType_5,-2.62022069684571e-06,2.82557344501481e-06,-0.927392791524424,17458343,0.353824095183374,-8.15823589528289e-06,2.91779450159147e-06,0,1
VGF:noiseColor:samplingRate:filterType_6:regressionType_4,3.58820090280694e-07,2.77316064649396e-06,0.12940024068671,17458343,0.89704568042734,-5.07822449476773e-06,5.79586467532912e-06,0,1
VGF:noiseColor:samplingRate:filterType_6:regressionType_5,1.54754088088386e-07,2.7785651619376e-06,0.0557006543386779,17458343,0.955600200684226,-5.29144516673558e-06,5.60095334291235e-06,0,1
noiseMagnitude:noiseColor:samplingRate:filterType_6:regressionType_4,4.15866186698397e-06,2.77316064649396e-06,1.50035133427573,17458343,0.133610773027069,-1.27843779527748e-06,9.59576168924543e-06,0,1
noiseMagnitude:noiseColor:samplingRate:filterType_6:regressionType_5,3.97163777095339e-06,2.7785651619376e-06,1.42939625479016,17458343,0.152935476386483,-1.47488697866636e-06,9.41816232057313e-06,0,1
betaGenerated:VGF:noiseMagnitude:samplingRate:filterType_6,2.27023760539174e-06,2.86022088375636e-06,0.793726965745079,17458343,0.427314555011272,-3.33578499940949e-06,7.87626020819296e-06,0,1
betaGenerated:VGF:noiseMagnitude:samplingRate:regressionType_4,-2.81038716742524e-06,2.87568753897247e-06,-0.977191285234455,17458343,0.328579282578451,-8.44669059640668e-06,2.82591626155621e-06,0,1
betaGenerated:VGF:noiseMagnitude:samplingRate:regressionType_5,-2.14756093618024e-06,2.87952408765494e-06,-0.745802817028791,17458343,0.455796399636682,-7.79139060920028e-06,3.49626873683981e-06,0,1
betaGenerated:VGF:noiseColor:samplingRate:filterType_6,1.04636484434451e-06,2.86022088375636e-06,0.365839213990523,17458343,0.714531777088862,-4.55965013941476e-06,6.65238082810378e-06,0,1
betaGenerated:VGF:noiseColor:samplingRate:regressionType_4,-4.41985440025447e-06,2.87568753897247e-06,-1.53706175979007,17458343,0.124361620898869,-1.00443108783823e-05,1.20460207787339e-06,0,1
betaGenerated:VGF:noiseColor:samplingRate:regressionType_5,1.05073879673083e-06,2.87952408765494e-06,0.364898817049441,17458343,0.715254499213706,-4.59288397803248e-06,6.69436157149414e-06,0,1
betaGenerated:noiseMagnitude:noiseColor:samplingRate:filterType_6,-5.47765826897485e-06,2.86022088375636e-06,-1.9151197316454,17458343,0.0554520028183939,-1.10836689037413e-05,8.77533437469152e-07,0,1
betaGenerated:noiseMagnitude:noiseColor:samplingRate:regressionType_4,-2.22186817832007e-05,2.87568753897247e-06,-7.72680218555826,17458343,1.1112491491665e-14,-2.78429432992028e-05,-1.65944202671987e-05,1,1
betaGenerated:noiseMagnitude:noiseColor:samplingRate:regressionType_5,-2.23183726413773e-05,2.87952408765494e-06,-7.75075571477494,17458343,9.21282003524268e-15,-2.79641418671386e-05,-1.6672603415616e-05,1,1
VGF:samplingRate:filterType_6:regressionType_5:noiseMagnitude:noiseColor,1.22165022019845e-06,2.61135396227434e-06,0.467822531088227,17458343,0.639911506743545,-3.89650985158075e-06,6.33981029197765e-06,0,1
betaGenerated:VGF:samplingRate:filterType_6:regressionType_4:noiseMagnitude:noiseColor,-7.30689853108309e-07,2.653783037726e-06,-0.275338956772604,17458343,0.783055837474844,-5.93200939043543e-06,4.47062968421881e-06,0,1
betaGenerated:VGF:samplingRate:filterType_6:regressionType_5:noiseMagnitude:noiseColor,-1.56991518079999e-06,2.65554512845925e-06,-0.591183770132672,17458343,0.554397296025947,-6.77468835274122e-06,3.63485799114124e-06,0,1
